club,raw_label,division_key,headcount,school,rooms,schedule_team,games
Aurskog Finstadbru,J2008,J2008,17,ELVERUM UNGDOMSSKOLE,B102,AFSK,"Elverum Yngres Cup - Jenter 16 år - 01|08:23|Elverumshallen|Jardar/Asker,Elverum Yngres Cup - Jenter 16 år - 01|15:05|Elvishallen|Lervik,Elverum Yngres Cup J16 sluttspill|14:03|Terningen Arena|Skjetten,Elverum Yngres Cup - Jenter 16 år - 01|10:41|Søndre Elverum Idrettshall|Skjetten"
Bjørkelangen,J2013,J2013,17,FRYDENLUND,C126,Bjørkelangen/Høland,"Elverum Yngres Cup - Jenter 11 år - 01|08:23|Elvishallen|Røros,Elverum Yngres Cup - Jenter 11 år - 01|11:33|Elvishallen|Ottestad,Elverum Yngres Cup - Jenter 11 år - 01|14:39|Herneshallen|Tydal 2,Elverum Yngres Cup - Jenter 11 år - 01|12:26|Ydalir skole idrettshall|Elverum 3"
Borgen IL,J2011,J2011,12,FRYDENLUND,D123,Borgen,"Elverum Yngres Cup - Jenter 13 år - 02|20:48|Elvishallen|Hasle-Løren,Elverum Yngres Cup - Jenter 13 år - 02|12:01|Elvishallen|Utleira 2,Elverum Yngres Cup J13 A-sluttspill|09:58|Terningen Arena|Trysil,Elverum Yngres Cup J13 A-sluttspill|12:31|Terningen Arena|Elverum,Elverum Yngres Cup - Jenter 13 år - 02|13:09|Søndre Elverum Idrettshall|Sverresborg,Elverum Yngres Cup - Jenter 13 år - 02|16:13|Søndre Elverum Idrettshall|Jømna/Heradsbygd"
Drøbak/Frogn,G2013,G2013,18,FRYDENLUND,C123,Drøbak/Frogn Blå,"Elverum Yngres Cup - Gutter 11 år|13:27|Elvishallen|Elverum 2,Elverum Yngres Cup - Gutter 11 år|08:00|Terningen Arena|Jotun/Årdalstangen,Elverum Yngres Cup - Gutter 11 år|08:57|Terningen Arena|Utleira,Elverum Yngres Cup - Gutter 11 år|11:29|Ydalir skole idrettshall|Hasle-Løren Blå"
Furnes,"G2014,2 lag",G2014,19,FRYDENLUND,C125,Furnes 2,"Elverum Yngres Cup - Jenter 9 år - 01|09:54|Elverumshallen - Kortbane|Røros,Elverum Yngres Cup - Jenter 9 år - 03|11:10|Elverumshallen - Kortbane|Vaaler,Elverum Yngres Cup - Gutter 10 år - 01|12:07|Elverumshallen - Kortbane|Elverum,Elverum Yngres Cup - Gutter 10 år - 02|15:55|Elverumshallen - Kortbane|Hasle-Løren Gul,Elverum Yngres Cup - Gutter 10 år - 01|09:16|Herneshallen - Kortbane|Sverresborg,Elverum Yngres Cup - Gutter 10 år - 02|10:51|Herneshallen - Kortbane|Vang,Elverum Yngres Cup - Jenter 9 år - 01|14:39|Herneshallen - Kortbane|Storhamar blå,Elverum Yngres Cup - Jenter 9 år - 03|15:55|Herneshallen - Kortbane|Skarnes,Elverum Yngres Cup - Jenter 9 år - 03|11:48|Herneshallen - Kortbane|Rena IL,Elverum Yngres Cup - Jenter 9 år - 01|13:42|Herneshallen - Kortbane|Rena IL 2,Elverum Yngres Cup - Gutter 10 år - 01|10:32|Ydalir skole idrettshall - Kortbane|Hasle-Løren Rød,Elverum Yngres Cup - Gutter 10 år - 02|13:23|Ydalir skole idrettshall - Kortbane|Rena IL,Elverum Yngres Cup - Gutter 10 år - 02|15:17|Ydalir skole idrettshall - Kortbane|Hasle-Løren Blå,Elverum Yngres Cup - Jenter 9 år - 03|08:19|Søndre Elverum Idrettshall - Kortbane|Røros 3,Elverum Yngres Cup - Jenter 9 år - 01|10:32|Søndre Elverum Idrettshall - Kortbane|HK Vestre Toten,Elverum Yngres Cup - Gutter 10 år - 01|13:42|Søndre Elverum Idrettshall - Kortbane|Elverum 2"
Furnes,"J2015,2 lag",J2015,14,FRYDENLUND,C128,Furnes 2,"Elverum Yngres Cup - Jenter 9 år - 01|09:54|Elverumshallen - Kortbane|Røros,Elverum Yngres Cup - Jenter 9 år - 03|11:10|Elverumshallen - Kortbane|Vaaler,Elverum Yngres Cup - Gutter 10 år - 01|12:07|Elverumshallen - Kortbane|Elverum,Elverum Yngres Cup - Gutter 10 år - 02|15:55|Elverumshallen - Kortbane|Hasle-Løren Gul,Elverum Yngres Cup - Gutter 10 år - 01|09:16|Herneshallen - Kortbane|Sverresborg,Elverum Yngres Cup - Gutter 10 år - 02|10:51|Herneshallen - Kortbane|Vang,Elverum Yngres Cup - Jenter 9 år - 01|14:39|Herneshallen - Kortbane|Storhamar blå,Elverum Yngres Cup - Jenter 9 år - 03|15:55|Herneshallen - Kortbane|Skarnes,Elverum Yngres Cup - Jenter 9 år - 03|11:48|Herneshallen - Kortbane|Rena IL,Elverum Yngres Cup - Jenter 9 år - 01|13:42|Herneshallen - Kortbane|Rena IL 2,Elverum Yngres Cup - Gutter 10 år - 01|10:32|Ydalir skole idrettshall - Kortbane|Hasle-Løren Rød,Elverum Yngres Cup - Gutter 10 år - 02|13:23|Ydalir skole idrettshall - Kortbane|Rena IL,Elverum Yngres Cup - Gutter 10 år - 02|15:17|Ydalir skole idrettshall - Kortbane|Hasle-Løren Blå,Elverum Yngres Cup - Jenter 9 år - 03|08:19|Søndre Elverum Idrettshall - Kortbane|Røros 3,Elverum Yngres Cup - Jenter 9 år - 01|10:32|Søndre Elverum Idrettshall - Kortbane|HK Vestre Toten,Elverum Yngres Cup - Gutter 10 år - 01|13:42|Søndre Elverum Idrettshall - Kortbane|Elverum 2"
Gjøvik HK,G2012,G2012,8,FRYDENLUND,"B117,B118",Gjøvik HK,"Elverum Yngres Cup - Jenter 12 år - 01|18:57|Elverumshallen|Varde 2,Elverum Yngres Cup - Gutter 12 år - 01|20:13|Elverumshallen|Ottestad 2,Elverum Yngres Cup - Jenter 8 år - 01|08:57|Elverumshallen - Mini 1|Elverum 2,Elverum Yngres Cup - Jenter 8 år - 01|11:48|Elverumshallen - Mini 1|Elverum,Elverum Yngres Cup - Jenter 8 år - 01|14:20|Elverumshallen - Mini 1|Gjøvik HK 2,Elverum Yngres Cup - Gutter 12 år - 01|12:05|Elverumshallen|Hasle-Løren Rød,Elverum Yngres Cup - Jenter 12 år - 01|13:40|Elverumshallen|Hasle-Løren Gul,Elverum Yngres Cup - Gutter 12 år - 01|15:28|Elvishallen|Sverresborg 2,Elverum Yngres Cup - Jenter 11 år - 02|09:39|Elvishallen|Tune Rød,Elverum Yngres Cup - Gutter 12 år - 01|15:02|Elvishallen|Elverum,Elverum Yngres Cup - Jenter 11 år - 02|10:13|Terningen Arena|Tydal,Elverum Yngres Cup - Jenter 12 år - 01|08:00|Terningen Arena|Ring IL,Elverum Yngres Cup - Jenter 11 år - 02|14:58|Herneshallen|Hasle-Løren Blå,Elverum Yngres Cup - Jenter 11 år - 02|13:23|Ydalir skole idrettshall|Elverum,Elverum Yngres Cup - Jenter 12 år - 01|15:17|Ydalir skole idrettshall|Bøler Blå"
Gjøvik HK,J2013,J2013,31,FRYDENLUND,"B120,B121",Gjøvik HK,"Elverum Yngres Cup - Jenter 12 år - 01|18:57|Elverumshallen|Varde 2,Elverum Yngres Cup - Gutter 12 år - 01|20:13|Elverumshallen|Ottestad 2,Elverum Yngres Cup - Jenter 8 år - 01|08:57|Elverumshallen - Mini 1|Elverum 2,Elverum Yngres Cup - Jenter 8 år - 01|11:48|Elverumshallen - Mini 1|Elverum,Elverum Yngres Cup - Jenter 8 år - 01|14:20|Elverumshallen - Mini 1|Gjøvik HK 2,Elverum Yngres Cup - Gutter 12 år - 01|12:05|Elverumshallen|Hasle-Løren Rød,Elverum Yngres Cup - Jenter 12 år - 01|13:40|Elverumshallen|Hasle-Løren Gul,Elverum Yngres Cup - Gutter 12 år - 01|15:28|Elvishallen|Sverresborg 2,Elverum Yngres Cup - Jenter 11 år - 02|09:39|Elvishallen|Tune Rød,Elverum Yngres Cup - Gutter 12 år - 01|15:02|Elvishallen|Elverum,Elverum Yngres Cup - Jenter 11 år - 02|10:13|Terningen Arena|Tydal,Elverum Yngres Cup - Jenter 12 år - 01|08:00|Terningen Arena|Ring IL,Elverum Yngres Cup - Jenter 11 år - 02|14:58|Herneshallen|Hasle-Løren Blå,Elverum Yngres Cup - Jenter 11 år - 02|13:23|Ydalir skole idrettshall|Elverum,Elverum Yngres Cup - Jenter 12 år - 01|15:17|Ydalir skole idrettshall|Bøler Blå"
HK Vestre Toten,J2013,J2013,6,ELVIS,C110,HK Vestre Toten 2,"Elverum Yngres Cup - Jenter 10 år - 01|08:00|Elverumshallen - Kortbane|Hasle-Løren Blå,Elverum Yngres Cup - Jenter 10 år - 01|14:20|Elverumshallen - Kortbane|Flisa,Elverum Yngres Cup - Jenter 11 år - 03|10:17|Elvishallen|Sverresborg,Elverum Yngres Cup - Jenter 11 år - 03|10:55|Elvishallen|Gjøvik HK 2,Elverum Yngres Cup - Jenter 10 år - 01|11:48|Herneshallen - Kortbane|Sverresborg 3,Elverum Yngres Cup - Jenter 11 år - 03|15:55|Herneshallen|Tune Grønn,Elverum Yngres Cup - Jenter 11 år - 03|14:39|Ydalir skole idrettshall|Vaaler,Elverum Yngres Cup - Jenter 10 år - 01|10:51|Søndre Elverum Idrettshall - Kortbane|Elverum"
HK Vestre Toten,"J2014,2 lag",J2014,11,ELVIS,C111,HK Vestre Toten 2,"Elverum Yngres Cup - Jenter 10 år - 01|08:00|Elverumshallen - Kortbane|Hasle-Løren Blå,Elverum Yngres Cup - Jenter 9 år - 01|09:35|Elverumshallen - Kortbane|Rena IL 2,Elverum Yngres Cup - Jenter 10 år - 01|14:20|Elverumshallen - Kortbane|Flisa,Elverum Yngres Cup - Jenter 11 år - 03|10:17|Elvishallen|Sverresborg,Elverum Yngres Cup - Jenter 11 år - 03|10:55|Elvishallen|Gjøvik HK 2,Elverum Yngres Cup - Jenter 10 år - 01|11:48|Herneshallen - Kortbane|Sverresborg 3,Elverum Yngres Cup - Jenter 10 år - 03|13:23|Herneshallen - Kortbane|Elverum 3,Elverum Yngres Cup - Jenter 9 år - 01|14:20|Herneshallen - Kortbane|Elverum,Elverum Yngres Cup - Jenter 10 år - 03|10:51|Herneshallen - Kortbane|Hasle-Løren Rød,Elverum Yngres Cup - Jenter 9 år - 01|13:04|Herneshallen - Kortbane|Storhamar blå,Elverum Yngres Cup - Jenter 11 år - 03|15:55|Herneshallen|Tune Grønn,Elverum Yngres Cup - Jenter 10 år - 03|08:00|Ydalir skole idrettshall - Kortbane|Lisleby Gul,Elverum Yngres Cup - Jenter 11 år - 03|14:39|Ydalir skole idrettshall|Vaaler,Elverum Yngres Cup - Jenter 9 år - 01|10:32|Søndre Elverum Idrettshall - Kortbane|Furnes 2,Elverum Yngres Cup - Jenter 10 år - 01|10:51|Søndre Elverum Idrettshall - Kortbane|Elverum,Elverum Yngres Cup - Jenter 10 år - 03|12:45|Søndre Elverum Idrettshall - Kortbane|Sverresborg"
HK Vestre Toten,J2015,J2015,6,ELVIS,C110,HK Vestre Toten,"Elverum Yngres Cup - Jenter 9 år - 01|09:35|Elverumshallen - Kortbane|Rena IL 2,Elverum Yngres Cup - Jenter 10 år - 03|13:23|Herneshallen - Kortbane|Elverum 3,Elverum Yngres Cup - Jenter 9 år - 01|14:20|Herneshallen - Kortbane|Elverum,Elverum Yngres Cup - Jenter 10 år - 03|10:51|Herneshallen - Kortbane|Hasle-Løren Rød,Elverum Yngres Cup - Jenter 9 år - 01|13:04|Herneshallen - Kortbane|Storhamar blå,Elverum Yngres Cup - Jenter 10 år - 03|08:00|Ydalir skole idrettshall - Kortbane|Lisleby Gul,Elverum Yngres Cup - Jenter 9 år - 01|10:32|Søndre Elverum Idrettshall - Kortbane|Furnes 2,Elverum Yngres Cup - Jenter 10 år - 03|12:45|Søndre Elverum Idrettshall - Kortbane|Sverresborg"
Hasle/Løren,G2012,G2012,16,ELVERUM UNGDOMSSKOLE,B104,Hasle-Løren Rød,"Elverum Yngres Cup - Jenter 9 år - 03|11:48|Elverumshallen - Kortbane|Skarnes,Elverum Yngres Cup - Gutter 10 år - 01|12:26|Elverumshallen - Kortbane|Sverresborg,Elverum Yngres Cup - Gutter 12 år - 01|12:05|Elverumshallen|Gjøvik HK,Elverum Yngres Cup - Jenter 12 år - 02|15:34|Elverumshallen|Varde,Elverum Yngres Cup - Gutter 12 år - 01|18:57|Elvishallen|Elverum,Elverum Yngres Cup - Gutter 12 år - 01|15:51|Elvishallen|Ottestad 2,Elverum Yngres Cup - Gutter 12 år - 01|15:21|Elvishallen|Heradsbygda,Elverum Yngres Cup - Jenter 12 år - 02|12:26|Terningen Arena|Storhamar 2,Elverum Yngres Cup - Gutter 10 år - 01|09:35|Herneshallen - Kortbane|Elverum,Elverum Yngres Cup - Jenter 10 år - 03|13:42|Herneshallen - Kortbane|Sverresborg,Elverum Yngres Cup - Jenter 9 år - 03|16:33|Herneshallen - Kortbane|Røros 3,Elverum Yngres Cup - Jenter 10 år - 03|10:51|Herneshallen - Kortbane|HK Vestre Toten,Elverum Yngres Cup - Jenter 9 år - 03|11:29|Herneshallen - Kortbane|Vaaler,Elverum Yngres Cup - Jenter 10 år - 03|08:19|Ydalir skole idrettshall - Kortbane|Elverum 3,Elverum Yngres Cup - Jenter 12 år - 02|08:57|Ydalir skole idrettshall|Gjøvik HK 2,Elverum Yngres Cup - Gutter 10 år - 01|10:32|Ydalir skole idrettshall - Kortbane|Furnes,Elverum Yngres Cup - Jenter 12 år - 02|08:23|Søndre Elverum Idrettshall|Lensbygda,Elverum Yngres Cup - Jenter 9 år - 03|08:38|Søndre Elverum Idrettshall - Kortbane|Rena IL,Elverum Yngres Cup - Jenter 10 år - 03|12:07|Søndre Elverum Idrettshall - Kortbane|Trysil IL,Elverum Yngres Cup - Gutter 10 år - 01|14:01|Søndre Elverum Idrettshall - Kortbane|Røros 2"
Hasle/Løren,G2013,G2013,12,ELVERUM UNGDOMSSKOLE,B105,Hasle-Løren Blå,"Elverum Yngres Cup - Jenter 10 år - 01|08:00|Elverumshallen - Kortbane|HK Vestre Toten 2,Elverum Yngres Cup - Jenter 10 år - 01|14:39|Elverumshallen - Kortbane|Sverresborg 3,Elverum Yngres Cup - Gutter 10 år - 02|16:14|Elverumshallen - Kortbane|Elverum 3,Elverum Yngres Cup - Jenter 11 år - 02|11:52|Elvishallen|Røros 2,Elverum Yngres Cup - Gutter 11 år|13:46|Elvishallen|Elverum,Elverum Yngres Cup - Jenter 12 år - 03|14:05|Elvishallen|Elverum 2,Elverum Yngres Cup - Gutter 11 år|08:19|Terningen Arena|Ring IL,Elverum Yngres Cup - Jenter 11 år - 02|09:54|Terningen Arena|Tune Rød,Elverum Yngres Cup - Jenter 12 år - 03|13:23|Terningen Arena|Storhamar,Elverum Yngres Cup - Gutter 11 år|11:07|Terningen Arena|Utleira,Elverum Yngres Cup - Gutter 10 år - 02|11:29|Herneshallen - Kortbane|Røros,Elverum Yngres Cup - Jenter 10 år - 01|08:57|Herneshallen - Kortbane|Elverum,Elverum Yngres Cup - Jenter 11 år - 02|14:58|Herneshallen|Gjøvik HK,Elverum Yngres Cup - Gutter 11 år|11:29|Ydalir skole idrettshall|Drøbak/Frogn Blå,Elverum Yngres Cup - Jenter 11 år - 02|13:42|Ydalir skole idrettshall|Tydal,Elverum Yngres Cup - Jenter 12 år - 03|08:19|Ydalir skole idrettshall|Trysil,Elverum Yngres Cup - Gutter 10 år - 02|12:45|Ydalir skole idrettshall - Kortbane|Sverresborg 2,Elverum Yngres Cup - Gutter 10 år - 02|15:17|Ydalir skole idrettshall - Kortbane|Furnes 2,Elverum Yngres Cup - Jenter 12 år - 03|09:55|Søndre Elverum Idrettshall|Jotun 2,Elverum Yngres Cup - Jenter 10 år - 01|11:10|Søndre Elverum Idrettshall - Kortbane|Flisa"
Hasle/Løren,G2014,G2014,16,ELVERUM UNGDOMSSKOLE,B106,Hasle-Løren Blå,"Elverum Yngres Cup - Jenter 10 år - 01|08:00|Elverumshallen - Kortbane|HK Vestre Toten 2,Elverum Yngres Cup - Jenter 10 år - 01|14:39|Elverumshallen - Kortbane|Sverresborg 3,Elverum Yngres Cup - Gutter 10 år - 02|16:14|Elverumshallen - Kortbane|Elverum 3,Elverum Yngres Cup - Jenter 11 år - 02|11:52|Elvishallen|Røros 2,Elverum Yngres Cup - Gutter 11 år|13:46|Elvishallen|Elverum,Elverum Yngres Cup - Jenter 12 år - 03|14:05|Elvishallen|Elverum 2,Elverum Yngres Cup - Gutter 11 år|08:19|Terningen Arena|Ring IL,Elverum Yngres Cup - Jenter 11 år - 02|09:54|Terningen Arena|Tune Rød,Elverum Yngres Cup - Jenter 12 år - 03|13:23|Terningen Arena|Storhamar,Elverum Yngres Cup - Gutter 11 år|11:07|Terningen Arena|Utleira,Elverum Yngres Cup - Gutter 10 år - 02|11:29|Herneshallen - Kortbane|Røros,Elverum Yngres Cup - Jenter 10 år - 01|08:57|Herneshallen - Kortbane|Elverum,Elverum Yngres Cup - Jenter 11 år - 02|14:58|Herneshallen|Gjøvik HK,Elverum Yngres Cup - Gutter 11 år|11:29|Ydalir skole idrettshall|Drøbak/Frogn Blå,Elverum Yngres Cup - Jenter 11 år - 02|13:42|Ydalir skole idrettshall|Tydal,Elverum Yngres Cup - Jenter 12 år - 03|08:19|Ydalir skole idrettshall|Trysil,Elverum Yngres Cup - Gutter 10 år - 02|12:45|Ydalir skole idrettshall - Kortbane|Sverresborg 2,Elverum Yngres Cup - Gutter 10 år - 02|15:17|Ydalir skole idrettshall - Kortbane|Furnes 2,Elverum Yngres Cup - Jenter 12 år - 03|09:55|Søndre Elverum Idrettshall|Jotun 2,Elverum Yngres Cup - Jenter 10 år - 01|11:10|Søndre Elverum Idrettshall - Kortbane|Flisa"
Hasle/Løren,G2015,G2015,29,ELVERUM UNGDOMSSKOLE,"B205,B206",Hasle-Løren Gul,"Elverum Yngres Cup - Jenter 9 år - 02|10:51|Elverumshallen - Kortbane|Skarnes 2,Elverum Yngres Cup - Gutter 9 år|13:42|Elverumshallen - Kortbane|Elverum 3,Elverum Yngres Cup - Gutter 10 år - 02|15:55|Elverumshallen - Kortbane|Furnes 2,Elverum Yngres Cup - Jenter 12 år - 01|13:40|Elverumshallen|Gjøvik HK,Elverum Yngres Cup - Jenter 12 år - 01|14:56|Elverumshallen|Varde 2,Elverum Yngres Cup - Jenter 12 år - 01|08:19|Elvishallen|Ring IL,Elverum Yngres Cup - Jenter 12 år - 01|12:07|Terningen Arena|Koppang Håndballklubb 2,Elverum Yngres Cup - Gutter 9 år|08:57|Herneshallen - Kortbane|Elverum,Elverum Yngres Cup - Gutter 10 år - 02|11:10|Herneshallen - Kortbane|Rena IL,Elverum Yngres Cup - Jenter 9 år - 02|15:36|Herneshallen - Kortbane|Storhamar gul,Elverum Yngres Cup - Jenter 9 år - 02|12:45|Herneshallen - Kortbane|Røros 2,Elverum Yngres Cup - Gutter 9 år|11:48|Ydalir skole idrettshall - Kortbane|Elverum 2,Elverum Yngres Cup - Gutter 10 år - 02|13:04|Ydalir skole idrettshall - Kortbane|Vang,Elverum Yngres Cup - Gutter 9 år|14:39|Ydalir skole idrettshall - Kortbane|Ring IL,Elverum Yngres Cup - Gutter 10 år - 02|14:58|Ydalir skole idrettshall - Kortbane|Elverum 3,Elverum Yngres Cup - Jenter 9 år - 02|09:35|Søndre Elverum Idrettshall - Kortbane|Lensbygda"
Hasle/Løren,J2011,J2011,28,ELVERUM UNGDOMSSKOLE,"B203,B204",Hasle-Løren,"Elverum Yngres Cup - Jenter 13 år - 02|20:48|Elvishallen|Borgen,Elverum Yngres Cup - Jenter 13 år - 02|09:20|Elvishallen|Utleira 2,Elverum Yngres Cup - Jenter 13 år - 02|11:38|Elvishallen|Sverresborg,Elverum Yngres Cup J13 A-sluttspill|10:21|Terningen Arena|Bøler,Elverum Yngres Cup - Jenter 13 år - 02|13:32|Søndre Elverum Idrettshall|Jømna/Heradsbygd"
Hasle/Løren,J2012,J2012,42,ELVERUM UNGDOMSSKOLE,"E106,E108,E206",Hasle-Løren Blå,"Elverum Yngres Cup - Jenter 10 år - 01|08:00|Elverumshallen - Kortbane|HK Vestre Toten 2,Elverum Yngres Cup - Jenter 10 år - 01|14:39|Elverumshallen - Kortbane|Sverresborg 3,Elverum Yngres Cup - Gutter 10 år - 02|16:14|Elverumshallen - Kortbane|Elverum 3,Elverum Yngres Cup - Jenter 11 år - 02|11:52|Elvishallen|Røros 2,Elverum Yngres Cup - Gutter 11 år|13:46|Elvishallen|Elverum,Elverum Yngres Cup - Jenter 12 år - 03|14:05|Elvishallen|Elverum 2,Elverum Yngres Cup - Gutter 11 år|08:19|Terningen Arena|Ring IL,Elverum Yngres Cup - Jenter 11 år - 02|09:54|Terningen Arena|Tune Rød,Elverum Yngres Cup - Jenter 12 år - 03|13:23|Terningen Arena|Storhamar,Elverum Yngres Cup - Gutter 11 år|11:07|Terningen Arena|Utleira,Elverum Yngres Cup - Gutter 10 år - 02|11:29|Herneshallen - Kortbane|Røros,Elverum Yngres Cup - Jenter 10 år - 01|08:57|Herneshallen - Kortbane|Elverum,Elverum Yngres Cup - Jenter 11 år - 02|14:58|Herneshallen|Gjøvik HK,Elverum Yngres Cup - Gutter 11 år|11:29|Ydalir skole idrettshall|Drøbak/Frogn Blå,Elverum Yngres Cup - Jenter 11 år - 02|13:42|Ydalir skole idrettshall|Tydal,Elverum Yngres Cup - Jenter 12 år - 03|08:19|Ydalir skole idrettshall|Trysil,Elverum Yngres Cup - Gutter 10 år - 02|12:45|Ydalir skole idrettshall - Kortbane|Sverresborg 2,Elverum Yngres Cup - Gutter 10 år - 02|15:17|Ydalir skole idrettshall - Kortbane|Furnes 2,Elverum Yngres Cup - Jenter 12 år - 03|09:55|Søndre Elverum Idrettshall|Jotun 2,Elverum Yngres Cup - Jenter 10 år - 01|11:10|Søndre Elverum Idrettshall - Kortbane|Flisa"
Hasle/Løren,J2013,J2013,11,ELVERUM UNGDOMSSKOLE,B207,Hasle-Løren Blå,"Elverum Yngres Cup - Jenter 10 år - 01|08:00|Elverumshallen - Kortbane|HK Vestre Toten 2,Elverum Yngres Cup - Jenter 10 år - 01|14:39|Elverumshallen - Kortbane|Sverresborg 3,Elverum Yngres Cup - Gutter 10 år - 02|16:14|Elverumshallen - Kortbane|Elverum 3,Elverum Yngres Cup - Jenter 11 år - 02|11:52|Elvishallen|Røros 2,Elverum Yngres Cup - Gutter 11 år|13:46|Elvishallen|Elverum,Elverum Yngres Cup - Jenter 12 år - 03|14:05|Elvishallen|Elverum 2,Elverum Yngres Cup - Gutter 11 år|08:19|Terningen Arena|Ring IL,Elverum Yngres Cup - Jenter 11 år - 02|09:54|Terningen Arena|Tune Rød,Elverum Yngres Cup - Jenter 12 år - 03|13:23|Terningen Arena|Storhamar,Elverum Yngres Cup - Gutter 11 år|11:07|Terningen Arena|Utleira,Elverum Yngres Cup - Gutter 10 år - 02|11:29|Herneshallen - Kortbane|Røros,Elverum Yngres Cup - Jenter 10 år - 01|08:57|Herneshallen - Kortbane|Elverum,Elverum Yngres Cup - Jenter 11 år - 02|14:58|Herneshallen|Gjøvik HK,Elverum Yngres Cup - Gutter 11 år|11:29|Ydalir skole idrettshall|Drøbak/Frogn Blå,Elverum Yngres Cup - Jenter 11 år - 02|13:42|Ydalir skole idrettshall|Tydal,Elverum Yngres Cup - Jenter 12 år - 03|08:19|Ydalir skole idrettshall|Trysil,Elverum Yngres Cup - Gutter 10 år - 02|12:45|Ydalir skole idrettshall - Kortbane|Sverresborg 2,Elverum Yngres Cup - Gutter 10 år - 02|15:17|Ydalir skole idrettshall - Kortbane|Furnes 2,Elverum Yngres Cup - Jenter 12 år - 03|09:55|Søndre Elverum Idrettshall|Jotun 2,Elverum Yngres Cup - Jenter 10 år - 01|11:10|Søndre Elverum Idrettshall - Kortbane|Flisa"
Hasle/Løren,J2014,J2014,21,ELVERUM UNGDOMSSKOLE,B201,Hasle-Løren Blå,"Elverum Yngres Cup - Jenter 10 år - 01|08:00|Elverumshallen - Kortbane|HK Vestre Toten 2,Elverum Yngres Cup - Jenter 10 år - 01|14:39|Elverumshallen - Kortbane|Sverresborg 3,Elverum Yngres Cup - Gutter 10 år - 02|16:14|Elverumshallen - Kortbane|Elverum 3,Elverum Yngres Cup - Jenter 11 år - 02|11:52|Elvishallen|Røros 2,Elverum Yngres Cup - Gutter 11 år|13:46|Elvishallen|Elverum,Elverum Yngres Cup - Jenter 12 år - 03|14:05|Elvishallen|Elverum 2,Elverum Yngres Cup - Gutter 11 år|08:19|Terningen Arena|Ring IL,Elverum Yngres Cup - Jenter 11 år - 02|09:54|Terningen Arena|Tune Rød,Elverum Yngres Cup - Jenter 12 år - 03|13:23|Terningen Arena|Storhamar,Elverum Yngres Cup - Gutter 11 år|11:07|Terningen Arena|Utleira,Elverum Yngres Cup - Gutter 10 år - 02|11:29|Herneshallen - Kortbane|Røros,Elverum Yngres Cup - Jenter 10 år - 01|08:57|Herneshallen - Kortbane|Elverum,Elverum Yngres Cup - Jenter 11 år - 02|14:58|Herneshallen|Gjøvik HK,Elverum Yngres Cup - Gutter 11 år|11:29|Ydalir skole idrettshall|Drøbak/Frogn Blå,Elverum Yngres Cup - Jenter 11 år - 02|13:42|Ydalir skole idrettshall|Tydal,Elverum Yngres Cup - Jenter 12 år - 03|08:19|Ydalir skole idrettshall|Trysil,Elverum Yngres Cup - Gutter 10 år - 02|12:45|Ydalir skole idrettshall - Kortbane|Sverresborg 2,Elverum Yngres Cup - Gutter 10 år - 02|15:17|Ydalir skole idrettshall - Kortbane|Furnes 2,Elverum Yngres Cup - Jenter 12 år - 03|09:55|Søndre Elverum Idrettshall|Jotun 2,Elverum Yngres Cup - Jenter 10 år - 01|11:10|Søndre Elverum Idrettshall - Kortbane|Flisa"
Heradsbygda HK,G2012,G2012,11,ELVIS,C220,Heradsbygda,"Elverum Yngres Cup - Gutter 12 år - 01|11:46|Elverumshallen|Ottestad 2,Elverum Yngres Cup - Gutter 12 år - 01|18:09|Elvishallen|Sverresborg 2,Elverum Yngres Cup - Jenter 12 år - 03|14:43|Elvishallen|Storhamar,Elverum Yngres Cup - Gutter 12 år - 01|15:21|Elvishallen|Hasle-Løren Rød,Elverum Yngres Cup - Jenter 12 år - 03|14:01|Terningen Arena|Trysil,Elverum Yngres Cup - Gutter 12 år - 01|09:16|Ydalir skole idrettshall|Elverum,Elverum Yngres Cup - Jenter 12 år - 03|08:38|Ydalir skole idrettshall|Ottestad,Elverum Yngres Cup - Jenter 12 år - 03|08:46|Søndre Elverum Idrettshall|Elverum 2"
Heradsbygda HK,"J2012,3 lag",J2012,27,ELVIS,"C226,C227",Heradsbygda,"Elverum Yngres Cup - Gutter 12 år - 01|11:46|Elverumshallen|Ottestad 2,Elverum Yngres Cup - Jenter 12 år - 01|13:21|Elverumshallen|Bøler Blå,Elverum Yngres Cup - Jenter 12 år - 04|14:18|Elverumshallen|Søndre Land,Elverum Yngres Cup - Jenter 12 år - 01|15:15|Elverumshallen|Ring IL,Elverum Yngres Cup - Jenter 12 år - 01|08:38|Elvishallen|Koppang Håndballklubb 2,Elverum Yngres Cup - Gutter 12 år - 01|18:09|Elvishallen|Sverresborg 2,Elverum Yngres Cup - Jenter 12 år - 03|14:43|Elvishallen|Storhamar,Elverum Yngres Cup - Gutter 12 år - 01|15:21|Elvishallen|Hasle-Løren Rød,Elverum Yngres Cup - Jenter 12 år - 01|11:48|Terningen Arena|Varde 2,Elverum Yngres Cup - Jenter 12 år - 03|14:01|Terningen Arena|Trysil,Elverum Yngres Cup - Jenter 12 år - 04|14:39|Terningen Arena|Rena IL,Elverum Yngres Cup - Jenter 12 år - 04|08:00|Herneshallen|Sverresborg,Elverum Yngres Cup - Gutter 12 år - 01|09:16|Ydalir skole idrettshall|Elverum,Elverum Yngres Cup - Jenter 12 år - 04|10:32|Ydalir skole idrettshall|Hasle-Løren Grønn,Elverum Yngres Cup - Jenter 12 år - 03|08:38|Ydalir skole idrettshall|Ottestad,Elverum Yngres Cup - Jenter 12 år - 03|08:46|Søndre Elverum Idrettshall|Elverum 2"
Jardar IL,J2008,J2008,17,YDALIR,1.065,Jardar/Asker,"Elverum Yngres Cup - Jenter 16 år - 01|08:23|Elverumshallen|AFSK,Elverum Yngres Cup - Jenter 16 år - 01|19:39|Elvishallen|Skjetten,Elverum Yngres Cup J16 sluttspill|14:26|Terningen Arena|Lervik,Elverum Yngres Cup J16 sluttspill|17:30|Terningen Arena|Skjetten,Elverum Yngres Cup - Jenter 16 år - 01|11:04|Søndre Elverum Idrettshall|Lervik"
Jotun,G2012 + G2013,G2012,16,ELVIS,B136,Jotun,"Elverum Yngres Cup - Gutter 12 år - 02|13:02|Elverumshallen|Gjøvik HK 2,Elverum Yngres Cup - Jenter 12 år - 02|16:37|Elvishallen|Elverum,Elverum Yngres Cup - Gutter 12 år - 02|15:59|Elvishallen|Elverum 2,Elverum Yngres Cup - Jenter 12 år - 02|13:04|Terningen Arena|Lensbygda,Elverum Yngres Cup - Gutter 12 år - 02|10:13|Ydalir skole idrettshall|Kolbu KK,Elverum Yngres Cup - Jenter 12 år - 02|08:00|Søndre Elverum Idrettshall|Varde,Elverum Yngres Cup - Gutter 12 år - 02|12:50|Søndre Elverum Idrettshall|Ottestad,Elverum Yngres Cup - Jenter 12 år - 02|15:19|Søndre Elverum Idrettshall|Storhamar 2"
Jotun,"J2012 ,2 lag",J2012,18,ELVIS,B137,Jotun,"Elverum Yngres Cup - Gutter 12 år - 02|13:02|Elverumshallen|Gjøvik HK 2,Elverum Yngres Cup - Jenter 12 år - 02|16:37|Elvishallen|Elverum,Elverum Yngres Cup - Jenter 12 år - 03|14:24|Elvishallen|Trysil,Elverum Yngres Cup - Gutter 12 år - 02|15:59|Elvishallen|Elverum 2,Elverum Yngres Cup - Jenter 12 år - 02|13:04|Terningen Arena|Lensbygda,Elverum Yngres Cup - Jenter 12 år - 03|13:42|Terningen Arena|Ottestad,Elverum Yngres Cup - Gutter 12 år - 02|10:13|Ydalir skole idrettshall|Kolbu KK,Elverum Yngres Cup - Jenter 12 år - 03|08:00|Ydalir skole idrettshall|Storhamar,Elverum Yngres Cup - Jenter 12 år - 02|08:00|Søndre Elverum Idrettshall|Varde,Elverum Yngres Cup - Jenter 12 år - 03|09:55|Søndre Elverum Idrettshall|Hasle-Løren Blå,Elverum Yngres Cup - Gutter 12 år - 02|12:50|Søndre Elverum Idrettshall|Ottestad,Elverum Yngres Cup - Jenter 12 år - 02|15:19|Søndre Elverum Idrettshall|Storhamar 2"
Kolbu IL,G2012,G2012,17,YDALIR,2.039,Kolbu KK,"Elverum Yngres Cup - Gutter 12 år - 02|12:43|Elverumshallen|Ottestad,Elverum Yngres Cup - Gutter 12 år - 02|18:38|Elvishallen|Elverum 2,Elverum Yngres Cup - Gutter 12 år - 02|15:40|Elvishallen|Sverresborg,Elverum Yngres Cup - Gutter 12 år - 02|10:13|Ydalir skole idrettshall|Jotun"
Koppang,J2012,J2012,13,YDALIR,"1.080,1.084",Koppang,"Elverum Yngres Cup - Jenter 12 år - 04|14:37|Elverumshallen|Sverresborg,Elverum Yngres Cup - Jenter 12 år - 04|18:19|Elvishallen|Søndre Land,Elverum Yngres Cup - Jenter 12 år - 04|14:20|Terningen Arena|Elverum 3,Elverum Yngres Cup - Jenter 12 år - 04|08:38|Herneshallen|Rena IL"
Lensbygda,G2015,G2015,12,YDALIR,2.073,Lensbygda,"Elverum Yngres Cup - Jenter 12 år - 02|18:00|Elverumshallen|Elverum,Elverum Yngres Cup - Jenter 7 år - 01|08:38|Elverumshallen - Mini 1|Rena Idrettslag,Elverum Yngres Cup - Jenter 9 år - 02|10:32|Elverumshallen - Kortbane|Røros 2,Elverum Yngres Cup - Jenter 7 år - 01|11:10|Elverumshallen - Mini 1|Flisa,Elverum Yngres Cup - Gutter 9 år|12:45|Elverumshallen - Kortbane|Vang HL,Elverum Yngres Cup - Gutter 9 år|13:23|Elverumshallen - Kortbane|Elverum,Elverum Yngres Cup - Jenter 7 år - 01|13:42|Elverumshallen - Mini 1|Koppang Håndballklubb,Elverum Yngres Cup - Jenter 12 år - 02|13:04|Terningen Arena|Jotun,Elverum Yngres Cup - Gutter 8 år|08:38|Herneshallen - mini 1|Elverum,Elverum Yngres Cup - Gutter 9 år|08:38|Herneshallen - Kortbane|Elverum 3,Elverum Yngres Cup - Gutter 8 år|10:32|Herneshallen - mini 1|Jømna og Heradsbygd Håndballgruppe 2,Elverum Yngres Cup - Gutter 8 år|11:48|Herneshallen - mini 1|Varde/Gjøvik 2,Elverum Yngres Cup - Jenter 9 år - 02|15:17|Herneshallen - Kortbane|Elverum 2,Elverum Yngres Cup - Jenter 9 år - 02|12:07|Herneshallen - Kortbane|Storhamar gul,Elverum Yngres Cup - Jenter 12 år - 02|09:16|Ydalir skole idrettshall|Storhamar 2,Elverum Yngres Cup - Gutter 9 år|14:20|Ydalir skole idrettshall - Kortbane|Elverum 3,Elverum Yngres Cup - Jenter 12 år - 02|08:23|Søndre Elverum Idrettshall|Hasle-Løren Rød,Elverum Yngres Cup - Jenter 9 år - 02|09:35|Søndre Elverum Idrettshall - Kortbane|Hasle-Løren Gul"
Lensbygda,J2012,J2012,11,YDALIR,2.062,Lensbygda,"Elverum Yngres Cup - Jenter 12 år - 02|18:00|Elverumshallen|Elverum,Elverum Yngres Cup - Jenter 7 år - 01|08:38|Elverumshallen - Mini 1|Rena Idrettslag,Elverum Yngres Cup - Jenter 9 år - 02|10:32|Elverumshallen - Kortbane|Røros 2,Elverum Yngres Cup - Jenter 7 år - 01|11:10|Elverumshallen - Mini 1|Flisa,Elverum Yngres Cup - Gutter 9 år|12:45|Elverumshallen - Kortbane|Vang HL,Elverum Yngres Cup - Gutter 9 år|13:23|Elverumshallen - Kortbane|Elverum,Elverum Yngres Cup - Jenter 7 år - 01|13:42|Elverumshallen - Mini 1|Koppang Håndballklubb,Elverum Yngres Cup - Jenter 12 år - 02|13:04|Terningen Arena|Jotun,Elverum Yngres Cup - Gutter 8 år|08:38|Herneshallen - mini 1|Elverum,Elverum Yngres Cup - Gutter 9 år|08:38|Herneshallen - Kortbane|Elverum 3,Elverum Yngres Cup - Gutter 8 år|10:32|Herneshallen - mini 1|Jømna og Heradsbygd Håndballgruppe 2,Elverum Yngres Cup - Gutter 8 år|11:48|Herneshallen - mini 1|Varde/Gjøvik 2,Elverum Yngres Cup - Jenter 9 år - 02|15:17|Herneshallen - Kortbane|Elverum 2,Elverum Yngres Cup - Jenter 9 år - 02|12:07|Herneshallen - Kortbane|Storhamar gul,Elverum Yngres Cup - Jenter 12 år - 02|09:16|Ydalir skole idrettshall|Storhamar 2,Elverum Yngres Cup - Gutter 9 år|14:20|Ydalir skole idrettshall - Kortbane|Elverum 3,Elverum Yngres Cup - Jenter 12 år - 02|08:23|Søndre Elverum Idrettshall|Hasle-Løren Rød,Elverum Yngres Cup - Jenter 9 år - 02|09:35|Søndre Elverum Idrettshall - Kortbane|Hasle-Løren Gul"
Lensbygda,J2015,J2015,13,YDALIR,2.043,Lensbygda,"Elverum Yngres Cup - Jenter 12 år - 02|18:00|Elverumshallen|Elverum,Elverum Yngres Cup - Jenter 7 år - 01|08:38|Elverumshallen - Mini 1|Rena Idrettslag,Elverum Yngres Cup - Jenter 9 år - 02|10:32|Elverumshallen - Kortbane|Røros 2,Elverum Yngres Cup - Jenter 7 år - 01|11:10|Elverumshallen - Mini 1|Flisa,Elverum Yngres Cup - Gutter 9 år|12:45|Elverumshallen - Kortbane|Vang HL,Elverum Yngres Cup - Gutter 9 år|13:23|Elverumshallen - Kortbane|Elverum,Elverum Yngres Cup - Jenter 7 år - 01|13:42|Elverumshallen - Mini 1|Koppang Håndballklubb,Elverum Yngres Cup - Jenter 12 år - 02|13:04|Terningen Arena|Jotun,Elverum Yngres Cup - Gutter 8 år|08:38|Herneshallen - mini 1|Elverum,Elverum Yngres Cup - Gutter 9 år|08:38|Herneshallen - Kortbane|Elverum 3,Elverum Yngres Cup - Gutter 8 år|10:32|Herneshallen - mini 1|Jømna og Heradsbygd Håndballgruppe 2,Elverum Yngres Cup - Gutter 8 år|11:48|Herneshallen - mini 1|Varde/Gjøvik 2,Elverum Yngres Cup - Jenter 9 år - 02|15:17|Herneshallen - Kortbane|Elverum 2,Elverum Yngres Cup - Jenter 9 år - 02|12:07|Herneshallen - Kortbane|Storhamar gul,Elverum Yngres Cup - Jenter 12 år - 02|09:16|Ydalir skole idrettshall|Storhamar 2,Elverum Yngres Cup - Gutter 9 år|14:20|Ydalir skole idrettshall - Kortbane|Elverum 3,Elverum Yngres Cup - Jenter 12 år - 02|08:23|Søndre Elverum Idrettshall|Hasle-Løren Rød,Elverum Yngres Cup - Jenter 9 år - 02|09:35|Søndre Elverum Idrettshall - Kortbane|Hasle-Løren Gul"
Lervik,J2008,J2008,15,YDALIR,1.085,Lervik,"Elverum Yngres Cup - Jenter 16 år - 01|15:05|Elvishallen|AFSK,Elverum Yngres Cup - Jenter 16 år - 01|17:00|Elvishallen|Skjetten,Elverum Yngres Cup J16 sluttspill|14:26|Terningen Arena|Jardar/Asker,Elverum Yngres Cup - Jenter 16 år - 01|11:04|Søndre Elverum Idrettshall|Jardar/Asker"
Lisleby,"J2014,2 lag",J2014,18,FRYDENLUND,D128,Lisleby Blå,"Elverum Yngres Cup - Jenter 10 år - 02|08:57|Elverumshallen - Kortbane|Flisa 2,Elverum Yngres Cup - Jenter 10 år - 03|13:04|Herneshallen - Kortbane|Trysil IL,Elverum Yngres Cup - Jenter 10 år - 02|09:35|Herneshallen - Kortbane|Hasle-Løren Grønn,Elverum Yngres Cup - Jenter 10 år - 03|10:32|Herneshallen - Kortbane|Sverresborg,Elverum Yngres Cup - Jenter 10 år - 03|08:00|Ydalir skole idrettshall - Kortbane|HK Vestre Toten,Elverum Yngres Cup - Jenter 10 år - 02|11:48|Søndre Elverum Idrettshall - Kortbane|Elverum 2,Elverum Yngres Cup - Jenter 10 år - 03|12:26|Søndre Elverum Idrettshall - Kortbane|Elverum 3,Elverum Yngres Cup - Jenter 10 år - 02|13:04|Søndre Elverum Idrettshall - Kortbane|Sverresborg 2"
Ottestad,"G2012,2 lag",G2012,17,YDALIR,2.060,Ottestad,"Elverum Yngres Cup - Jenter 12 år - 03|19:16|Elverumshallen|Storhamar,Elverum Yngres Cup - Gutter 12 år - 02|19:54|Elverumshallen|Gjøvik HK 2,Elverum Yngres Cup - Gutter 12 år - 01|20:13|Elverumshallen|Gjøvik HK,Elverum Yngres Cup - Gutter 12 år - 01|11:46|Elverumshallen|Heradsbygda,Elverum Yngres Cup - Gutter 12 år - 02|12:43|Elverumshallen|Kolbu KK,Elverum Yngres Cup - Gutter 12 år - 01|15:51|Elvishallen|Hasle-Løren Rød,Elverum Yngres Cup - Jenter 12 år - 03|16:14|Elvishallen|Elverum 2,Elverum Yngres Cup - Jenter 11 år - 01|09:01|Elvishallen|Tydal 2,Elverum Yngres Cup - Jenter 11 år - 01|11:33|Elvishallen|Bjørkelangen/Høland,Elverum Yngres Cup - Jenter 11 år - 01|09:35|Terningen Arena|Røros,Elverum Yngres Cup - Jenter 12 år - 03|13:42|Terningen Arena|Jotun 2,Elverum Yngres Cup - Gutter 12 år - 01|08:57|Ydalir skole idrettshall|Sverresborg 2,Elverum Yngres Cup - Gutter 12 år - 02|09:35|Ydalir skole idrettshall|Sverresborg,Elverum Yngres Cup - Jenter 11 år - 01|13:04|Ydalir skole idrettshall|Sverresborg 2,Elverum Yngres Cup - Jenter 12 år - 03|08:38|Ydalir skole idrettshall|Heradsbygda,Elverum Yngres Cup - Gutter 12 år - 02|12:50|Søndre Elverum Idrettshall|Jotun"
Ring IL,G2013,G2013,13,ELVERUM UNGDOMSSKOLE,B306,Ring IL,"Elverum Yngres Cup - Jenter 12 år - 01|18:38|Elverumshallen|Koppang Håndballklubb 2,Elverum Yngres Cup - Jenter 13 år - 03|20:32|Elverumshallen|Trysil,Elverum Yngres Cup - Gutter 9 år|13:04|Elverumshallen - Kortbane|Elverum 2,Elverum Yngres Cup J13 B-sluttspill|08:46|Elverumshallen|Utleira 2,Elverum Yngres Cup J14 Sluttspill|09:32|Elverumshallen|Nordstrand,Elverum Yngres Cup - Jenter 12 år - 01|15:15|Elverumshallen|Heradsbygda 3,Elverum Yngres Cup - Jenter 12 år - 01|08:19|Elvishallen|Hasle-Løren Gul,Elverum Yngres Cup - Jenter 14 år - 02|10:52|Elvishallen|Utleira,Elverum Yngres Cup - Jenter 13 år - 03|12:47|Elvishallen|Hasle-Løren 2,Elverum Yngres Cup - Gutter 11 år|08:19|Terningen Arena|Hasle-Løren Blå,Elverum Yngres Cup - Jenter 12 år - 01|08:00|Terningen Arena|Gjøvik HK,Elverum Yngres Cup - Gutter 11 år|08:38|Terningen Arena|Jotun/Årdalstangen,Elverum Yngres Cup - Gutter 11 år|09:16|Terningen Arena|Elverum,Elverum Yngres Cup - Gutter 11 år|12:07|Ydalir skole idrettshall|Elverum 2,Elverum Yngres Cup - Gutter 9 år|11:10|Ydalir skole idrettshall - Kortbane|Røros,Elverum Yngres Cup - Gutter 9 år|14:01|Ydalir skole idrettshall - Kortbane|Elverum,Elverum Yngres Cup - Gutter 9 år|14:39|Ydalir skole idrettshall - Kortbane|Hasle-Løren Gul,Elverum Yngres Cup - Jenter 14 år - 02|11:50|Søndre Elverum Idrettshall|Kongsvinger,Elverum Yngres Cup - Jenter 13 år - 03|13:55|Søndre Elverum Idrettshall|Bøler,Elverum Yngres Cup - Jenter 14 år - 02|15:04|Søndre Elverum Idrettshall|Varde 2,Elverum Yngres Cup - Jenter 13 år - 03|16:59|Søndre Elverum Idrettshall|Utleira"
Ring IL,G2015,G2015,9,ELVERUM UNGDOMSSKOLE,B303,Ring IL,"Elverum Yngres Cup - Jenter 12 år - 01|18:38|Elverumshallen|Koppang Håndballklubb 2,Elverum Yngres Cup - Jenter 13 år - 03|20:32|Elverumshallen|Trysil,Elverum Yngres Cup - Gutter 9 år|13:04|Elverumshallen - Kortbane|Elverum 2,Elverum Yngres Cup J13 B-sluttspill|08:46|Elverumshallen|Utleira 2,Elverum Yngres Cup J14 Sluttspill|09:32|Elverumshallen|Nordstrand,Elverum Yngres Cup - Jenter 12 år - 01|15:15|Elverumshallen|Heradsbygda 3,Elverum Yngres Cup - Jenter 12 år - 01|08:19|Elvishallen|Hasle-Løren Gul,Elverum Yngres Cup - Jenter 14 år - 02|10:52|Elvishallen|Utleira,Elverum Yngres Cup - Jenter 13 år - 03|12:47|Elvishallen|Hasle-Løren 2,Elverum Yngres Cup - Gutter 11 år|08:19|Terningen Arena|Hasle-Løren Blå,Elverum Yngres Cup - Jenter 12 år - 01|08:00|Terningen Arena|Gjøvik HK,Elverum Yngres Cup - Gutter 11 år|08:38|Terningen Arena|Jotun/Årdalstangen,Elverum Yngres Cup - Gutter 11 år|09:16|Terningen Arena|Elverum,Elverum Yngres Cup - Gutter 11 år|12:07|Ydalir skole idrettshall|Elverum 2,Elverum Yngres Cup - Gutter 9 år|11:10|Ydalir skole idrettshall - Kortbane|Røros,Elverum Yngres Cup - Gutter 9 år|14:01|Ydalir skole idrettshall - Kortbane|Elverum,Elverum Yngres Cup - Gutter 9 år|14:39|Ydalir skole idrettshall - Kortbane|Hasle-Løren Gul,Elverum Yngres Cup - Jenter 14 år - 02|11:50|Søndre Elverum Idrettshall|Kongsvinger,Elverum Yngres Cup - Jenter 13 år - 03|13:55|Søndre Elverum Idrettshall|Bøler,Elverum Yngres Cup - Jenter 14 år - 02|15:04|Søndre Elverum Idrettshall|Varde 2,Elverum Yngres Cup - Jenter 13 år - 03|16:59|Søndre Elverum Idrettshall|Utleira"
Ring IL,J2010,J2010,11,ELVERUM UNGDOMSSKOLE,B305,Ring IL,"Elverum Yngres Cup - Jenter 12 år - 01|18:38|Elverumshallen|Koppang Håndballklubb 2,Elverum Yngres Cup - Jenter 13 år - 03|20:32|Elverumshallen|Trysil,Elverum Yngres Cup - Gutter 9 år|13:04|Elverumshallen - Kortbane|Elverum 2,Elverum Yngres Cup J13 B-sluttspill|08:46|Elverumshallen|Utleira 2,Elverum Yngres Cup J14 Sluttspill|09:32|Elverumshallen|Nordstrand,Elverum Yngres Cup - Jenter 12 år - 01|15:15|Elverumshallen|Heradsbygda 3,Elverum Yngres Cup - Jenter 12 år - 01|08:19|Elvishallen|Hasle-Løren Gul,Elverum Yngres Cup - Jenter 14 år - 02|10:52|Elvishallen|Utleira,Elverum Yngres Cup - Jenter 13 år - 03|12:47|Elvishallen|Hasle-Løren 2,Elverum Yngres Cup - Gutter 11 år|08:19|Terningen Arena|Hasle-Løren Blå,Elverum Yngres Cup - Jenter 12 år - 01|08:00|Terningen Arena|Gjøvik HK,Elverum Yngres Cup - Gutter 11 år|08:38|Terningen Arena|Jotun/Årdalstangen,Elverum Yngres Cup - Gutter 11 år|09:16|Terningen Arena|Elverum,Elverum Yngres Cup - Gutter 11 år|12:07|Ydalir skole idrettshall|Elverum 2,Elverum Yngres Cup - Gutter 9 år|11:10|Ydalir skole idrettshall - Kortbane|Røros,Elverum Yngres Cup - Gutter 9 år|14:01|Ydalir skole idrettshall - Kortbane|Elverum,Elverum Yngres Cup - Gutter 9 år|14:39|Ydalir skole idrettshall - Kortbane|Hasle-Løren Gul,Elverum Yngres Cup - Jenter 14 år - 02|11:50|Søndre Elverum Idrettshall|Kongsvinger,Elverum Yngres Cup - Jenter 13 år - 03|13:55|Søndre Elverum Idrettshall|Bøler,Elverum Yngres Cup - Jenter 14 år - 02|15:04|Søndre Elverum Idrettshall|Varde 2,Elverum Yngres Cup - Jenter 13 år - 03|16:59|Søndre Elverum Idrettshall|Utleira"
Ring IL,J2012+J2011,J2012,15,ELVERUM UNGDOMSSKOLE,B304,Ring IL,"Elverum Yngres Cup - Jenter 12 år - 01|18:38|Elverumshallen|Koppang Håndballklubb 2,Elverum Yngres Cup - Jenter 13 år - 03|20:32|Elverumshallen|Trysil,Elverum Yngres Cup - Gutter 9 år|13:04|Elverumshallen - Kortbane|Elverum 2,Elverum Yngres Cup J13 B-sluttspill|08:46|Elverumshallen|Utleira 2,Elverum Yngres Cup J14 Sluttspill|09:32|Elverumshallen|Nordstrand,Elverum Yngres Cup - Jenter 12 år - 01|15:15|Elverumshallen|Heradsbygda 3,Elverum Yngres Cup - Jenter 12 år - 01|08:19|Elvishallen|Hasle-Løren Gul,Elverum Yngres Cup - Jenter 14 år - 02|10:52|Elvishallen|Utleira,Elverum Yngres Cup - Jenter 13 år - 03|12:47|Elvishallen|Hasle-Løren 2,Elverum Yngres Cup - Gutter 11 år|08:19|Terningen Arena|Hasle-Løren Blå,Elverum Yngres Cup - Jenter 12 år - 01|08:00|Terningen Arena|Gjøvik HK,Elverum Yngres Cup - Gutter 11 år|08:38|Terningen Arena|Jotun/Årdalstangen,Elverum Yngres Cup - Gutter 11 år|09:16|Terningen Arena|Elverum,Elverum Yngres Cup - Gutter 11 år|12:07|Ydalir skole idrettshall|Elverum 2,Elverum Yngres Cup - Gutter 9 år|11:10|Ydalir skole idrettshall - Kortbane|Røros,Elverum Yngres Cup - Gutter 9 år|14:01|Ydalir skole idrettshall - Kortbane|Elverum,Elverum Yngres Cup - Gutter 9 år|14:39|Ydalir skole idrettshall - Kortbane|Hasle-Løren Gul,Elverum Yngres Cup - Jenter 14 år - 02|11:50|Søndre Elverum Idrettshall|Kongsvinger,Elverum Yngres Cup - Jenter 13 år - 03|13:55|Søndre Elverum Idrettshall|Bøler,Elverum Yngres Cup - Jenter 14 år - 02|15:04|Søndre Elverum Idrettshall|Varde 2,Elverum Yngres Cup - Jenter 13 år - 03|16:59|Søndre Elverum Idrettshall|Utleira"
Røros,"G2014,2 lag",G2014,18,ELVERUM UNGDOMSSKOLE,A002,Røros,"Elverum Yngres Cup - Jenter 9 år - 01|09:54|Elverumshallen - Kortbane|Furnes 2,Elverum Yngres Cup - Jenter 9 år - 02|10:32|Elverumshallen - Kortbane|Lensbygda,Elverum Yngres Cup - Gutter 10 år - 01|15:17|Elverumshallen - Kortbane|Trysil,Elverum Yngres Cup - Gutter 10 år - 02|15:36|Elverumshallen - Kortbane|Sverresborg 2,Elverum Yngres Cup - Jenter 13 år - 01|13:33|Elvishallen|Sverresborg 2,Elverum Yngres Cup - Jenter 11 år - 01|08:23|Elvishallen|Bjørkelangen/Høland,Elverum Yngres Cup - Jenter 11 år - 02|09:20|Elvishallen|Elverum,Elverum Yngres Cup - Jenter 11 år - 01|11:14|Elvishallen|Gjøvik HK 3,Elverum Yngres Cup - Jenter 11 år - 02|11:52|Elvishallen|Hasle-Løren Blå,Elverum Yngres Cup - Jenter 13 år - 01|19:55|Terningen Arena|Elverum,Elverum Yngres Cup - Jenter 11 år - 01|09:35|Terningen Arena|Ottestad,Elverum Yngres Cup - Jenter 11 år - 02|10:32|Terningen Arena|Jømna/Heradsbygd,Elverum Yngres Cup J13 B-sluttspill|11:45|Terningen Arena|Utleira 2,Elverum Yngres Cup - Gutter 9 år|08:00|Herneshallen - Kortbane|Skarnes,Elverum Yngres Cup - Gutter 10 år - 01|10:13|Herneshallen - Kortbane|Vaaler,Elverum Yngres Cup - Gutter 10 år - 02|11:29|Herneshallen - Kortbane|Hasle-Løren Blå,Elverum Yngres Cup - Jenter 9 år - 01|14:01|Herneshallen - Kortbane|Rena IL 2,Elverum Yngres Cup - Jenter 9 år - 02|14:58|Herneshallen - Kortbane|Skarnes 2,Elverum Yngres Cup - Jenter 9 år - 02|12:45|Herneshallen - Kortbane|Hasle-Løren Gul,Elverum Yngres Cup - Jenter 9 år - 01|13:23|Herneshallen - Kortbane|Elverum,Elverum Yngres Cup - Jenter 11 år - 01|14:20|Herneshallen|Sverresborg 2,Elverum Yngres Cup - Jenter 11 år - 02|15:17|Herneshallen|Tune Rød,Elverum Yngres Cup - Gutter 10 år - 01|10:13|Ydalir skole idrettshall - Kortbane|Elverum 2,Elverum Yngres Cup - Gutter 9 år|11:10|Ydalir skole idrettshall - Kortbane|Ring IL,Elverum Yngres Cup - Gutter 9 år|12:07|Ydalir skole idrettshall - Kortbane|Elverum 3,Elverum Yngres Cup - Gutter 10 år - 02|12:26|Ydalir skole idrettshall - Kortbane|Elverum 3,Elverum Yngres Cup - Gutter 10 år - 02|15:55|Ydalir skole idrettshall - Kortbane|Vang,Elverum Yngres Cup - Gutter 9 år|16:14|Ydalir skole idrettshall - Kortbane|Vang HL,Elverum Yngres Cup - Jenter 13 år - 01|10:18|Søndre Elverum Idrettshall|Årdalstangen,Elverum Yngres Cup - Jenter 9 år - 02|09:16|Søndre Elverum Idrettshall - Kortbane|Elverum 2,Elverum Yngres Cup - Jenter 9 år - 01|09:54|Søndre Elverum Idrettshall - Kortbane|Storhamar blå,Elverum Yngres Cup - Gutter 10 år - 01|14:01|Søndre Elverum Idrettshall - Kortbane|Hasle-Løren Rød"
Røros,G2015,G2015,11,ELVERUM UNGDOMSSKOLE,A104,Røros,"Elverum Yngres Cup - Jenter 9 år - 01|09:54|Elverumshallen - Kortbane|Furnes 2,Elverum Yngres Cup - Gutter 10 år - 02|15:36|Elverumshallen - Kortbane|Sverresborg 2,Elverum Yngres Cup - Jenter 13 år - 01|13:33|Elvishallen|Sverresborg 2,Elverum Yngres Cup - Jenter 11 år - 01|08:23|Elvishallen|Bjørkelangen/Høland,Elverum Yngres Cup - Jenter 11 år - 01|11:14|Elvishallen|Gjøvik HK 3,Elverum Yngres Cup - Jenter 13 år - 01|19:55|Terningen Arena|Elverum,Elverum Yngres Cup - Jenter 11 år - 01|09:35|Terningen Arena|Ottestad,Elverum Yngres Cup J13 B-sluttspill|11:45|Terningen Arena|Utleira 2,Elverum Yngres Cup - Gutter 9 år|08:00|Herneshallen - Kortbane|Skarnes,Elverum Yngres Cup - Gutter 10 år - 02|11:29|Herneshallen - Kortbane|Hasle-Løren Blå,Elverum Yngres Cup - Jenter 9 år - 01|14:01|Herneshallen - Kortbane|Rena IL 2,Elverum Yngres Cup - Jenter 9 år - 01|13:23|Herneshallen - Kortbane|Elverum,Elverum Yngres Cup - Jenter 11 år - 01|14:20|Herneshallen|Sverresborg 2,Elverum Yngres Cup - Gutter 9 år|11:10|Ydalir skole idrettshall - Kortbane|Ring IL,Elverum Yngres Cup - Gutter 9 år|12:07|Ydalir skole idrettshall - Kortbane|Elverum 3,Elverum Yngres Cup - Gutter 10 år - 02|12:26|Ydalir skole idrettshall - Kortbane|Elverum 3,Elverum Yngres Cup - Gutter 10 år - 02|15:55|Ydalir skole idrettshall - Kortbane|Vang,Elverum Yngres Cup - Gutter 9 år|16:14|Ydalir skole idrettshall - Kortbane|Vang HL,Elverum Yngres Cup - Jenter 13 år - 01|10:18|Søndre Elverum Idrettshall|Årdalstangen,Elverum Yngres Cup - Jenter 9 år - 01|09:54|Søndre Elverum Idrettshall - Kortbane|Storhamar blå"
Røros,J2011,J2011,14,ELVERUM UNGDOMSSKOLE,A004,Røros,"Elverum Yngres Cup - Jenter 9 år - 01|09:54|Elverumshallen - Kortbane|Furnes 2,Elverum Yngres Cup - Gutter 10 år - 02|15:36|Elverumshallen - Kortbane|Sverresborg 2,Elverum Yngres Cup - Jenter 13 år - 01|13:33|Elvishallen|Sverresborg 2,Elverum Yngres Cup - Jenter 11 år - 01|08:23|Elvishallen|Bjørkelangen/Høland,Elverum Yngres Cup - Jenter 11 år - 01|11:14|Elvishallen|Gjøvik HK 3,Elverum Yngres Cup - Jenter 13 år - 01|19:55|Terningen Arena|Elverum,Elverum Yngres Cup - Jenter 11 år - 01|09:35|Terningen Arena|Ottestad,Elverum Yngres Cup J13 B-sluttspill|11:45|Terningen Arena|Utleira 2,Elverum Yngres Cup - Gutter 9 år|08:00|Herneshallen - Kortbane|Skarnes,Elverum Yngres Cup - Gutter 10 år - 02|11:29|Herneshallen - Kortbane|Hasle-Løren Blå,Elverum Yngres Cup - Jenter 9 år - 01|14:01|Herneshallen - Kortbane|Rena IL 2,Elverum Yngres Cup - Jenter 9 år - 01|13:23|Herneshallen - Kortbane|Elverum,Elverum Yngres Cup - Jenter 11 år - 01|14:20|Herneshallen|Sverresborg 2,Elverum Yngres Cup - Gutter 9 år|11:10|Ydalir skole idrettshall - Kortbane|Ring IL,Elverum Yngres Cup - Gutter 9 år|12:07|Ydalir skole idrettshall - Kortbane|Elverum 3,Elverum Yngres Cup - Gutter 10 år - 02|12:26|Ydalir skole idrettshall - Kortbane|Elverum 3,Elverum Yngres Cup - Gutter 10 år - 02|15:55|Ydalir skole idrettshall - Kortbane|Vang,Elverum Yngres Cup - Gutter 9 år|16:14|Ydalir skole idrettshall - Kortbane|Vang HL,Elverum Yngres Cup - Jenter 13 år - 01|10:18|Søndre Elverum Idrettshall|Årdalstangen,Elverum Yngres Cup - Jenter 9 år - 01|09:54|Søndre Elverum Idrettshall - Kortbane|Storhamar blå"
Røros,J2013,J2013,21,ELVERUM UNGDOMSSKOLE,A101,Røros,"Elverum Yngres Cup - Jenter 9 år - 01|09:54|Elverumshallen - Kortbane|Furnes 2,Elverum Yngres Cup - Gutter 10 år - 02|15:36|Elverumshallen - Kortbane|Sverresborg 2,Elverum Yngres Cup - Jenter 13 år - 01|13:33|Elvishallen|Sverresborg 2,Elverum Yngres Cup - Jenter 11 år - 01|08:23|Elvishallen|Bjørkelangen/Høland,Elverum Yngres Cup - Jenter 11 år - 01|11:14|Elvishallen|Gjøvik HK 3,Elverum Yngres Cup - Jenter 13 år - 01|19:55|Terningen Arena|Elverum,Elverum Yngres Cup - Jenter 11 år - 01|09:35|Terningen Arena|Ottestad,Elverum Yngres Cup J13 B-sluttspill|11:45|Terningen Arena|Utleira 2,Elverum Yngres Cup - Gutter 9 år|08:00|Herneshallen - Kortbane|Skarnes,Elverum Yngres Cup - Gutter 10 år - 02|11:29|Herneshallen - Kortbane|Hasle-Løren Blå,Elverum Yngres Cup - Jenter 9 år - 01|14:01|Herneshallen - Kortbane|Rena IL 2,Elverum Yngres Cup - Jenter 9 år - 01|13:23|Herneshallen - Kortbane|Elverum,Elverum Yngres Cup - Jenter 11 år - 01|14:20|Herneshallen|Sverresborg 2,Elverum Yngres Cup - Gutter 9 år|11:10|Ydalir skole idrettshall - Kortbane|Ring IL,Elverum Yngres Cup - Gutter 9 år|12:07|Ydalir skole idrettshall - Kortbane|Elverum 3,Elverum Yngres Cup - Gutter 10 år - 02|12:26|Ydalir skole idrettshall - Kortbane|Elverum 3,Elverum Yngres Cup - Gutter 10 år - 02|15:55|Ydalir skole idrettshall - Kortbane|Vang,Elverum Yngres Cup - Gutter 9 år|16:14|Ydalir skole idrettshall - Kortbane|Vang HL,Elverum Yngres Cup - Jenter 13 år - 01|10:18|Søndre Elverum Idrettshall|Årdalstangen,Elverum Yngres Cup - Jenter 9 år - 01|09:54|Søndre Elverum Idrettshall - Kortbane|Storhamar blå"
Røros,J2015,J2015,20,ELVERUM UNGDOMSSKOLE,A103,Røros,"Elverum Yngres Cup - Jenter 9 år - 01|09:54|Elverumshallen - Kortbane|Furnes 2,Elverum Yngres Cup - Gutter 10 år - 02|15:36|Elverumshallen - Kortbane|Sverresborg 2,Elverum Yngres Cup - Jenter 13 år - 01|13:33|Elvishallen|Sverresborg 2,Elverum Yngres Cup - Jenter 11 år - 01|08:23|Elvishallen|Bjørkelangen/Høland,Elverum Yngres Cup - Jenter 11 år - 01|11:14|Elvishallen|Gjøvik HK 3,Elverum Yngres Cup - Jenter 13 år - 01|19:55|Terningen Arena|Elverum,Elverum Yngres Cup - Jenter 11 år - 01|09:35|Terningen Arena|Ottestad,Elverum Yngres Cup J13 B-sluttspill|11:45|Terningen Arena|Utleira 2,Elverum Yngres Cup - Gutter 9 år|08:00|Herneshallen - Kortbane|Skarnes,Elverum Yngres Cup - Gutter 10 år - 02|11:29|Herneshallen - Kortbane|Hasle-Løren Blå,Elverum Yngres Cup - Jenter 9 år - 01|14:01|Herneshallen - Kortbane|Rena IL 2,Elverum Yngres Cup - Jenter 9 år - 01|13:23|Herneshallen - Kortbane|Elverum,Elverum Yngres Cup - Jenter 11 år - 01|14:20|Herneshallen|Sverresborg 2,Elverum Yngres Cup - Gutter 9 år|11:10|Ydalir skole idrettshall - Kortbane|Ring IL,Elverum Yngres Cup - Gutter 9 år|12:07|Ydalir skole idrettshall - Kortbane|Elverum 3,Elverum Yngres Cup - Gutter 10 år - 02|12:26|Ydalir skole idrettshall - Kortbane|Elverum 3,Elverum Yngres Cup - Gutter 10 år - 02|15:55|Ydalir skole idrettshall - Kortbane|Vang,Elverum Yngres Cup - Gutter 9 år|16:14|Ydalir skole idrettshall - Kortbane|Vang HL,Elverum Yngres Cup - Jenter 13 år - 01|10:18|Søndre Elverum Idrettshall|Årdalstangen,Elverum Yngres Cup - Jenter 9 år - 01|09:54|Søndre Elverum Idrettshall - Kortbane|Storhamar blå"
Skarnes,G2015,G2015,10,ELVERUM UNGDOMSSKOLE,B307,Skarnes,"Elverum Yngres Cup - Jenter 9 år - 03|11:48|Elverumshallen - Kortbane|Hasle-Løren Rød,Elverum Yngres Cup - Gutter 9 år|14:01|Elverumshallen - Kortbane|Elverum 2,Elverum Yngres Cup - Gutter 9 år|08:00|Herneshallen - Kortbane|Røros,Elverum Yngres Cup - Jenter 9 år - 03|15:55|Herneshallen - Kortbane|Furnes,Elverum Yngres Cup - Jenter 9 år - 03|11:10|Herneshallen - Kortbane|Røros 3,Elverum Yngres Cup - Gutter 9 år|11:29|Ydalir skole idrettshall - Kortbane|Elverum,Elverum Yngres Cup - Gutter 9 år|13:42|Ydalir skole idrettshall - Kortbane|Vang HL,Elverum Yngres Cup - Jenter 9 år - 03|08:00|Søndre Elverum Idrettshall - Kortbane|Vaaler"
Skarnes,"J2015,2 lag",J2015,23,ELVERUM UNGDOMSSKOLE,B309,Skarnes 2,"Elverum Yngres Cup - Jenter 9 år - 02|10:51|Elverumshallen - Kortbane|Hasle-Løren Gul,Elverum Yngres Cup - Jenter 9 år - 03|11:48|Elverumshallen - Kortbane|Hasle-Løren Rød,Elverum Yngres Cup - Gutter 9 år|14:01|Elverumshallen - Kortbane|Elverum 2,Elverum Yngres Cup - Gutter 9 år|08:00|Herneshallen - Kortbane|Røros,Elverum Yngres Cup - Jenter 9 år - 02|14:58|Herneshallen - Kortbane|Røros 2,Elverum Yngres Cup - Jenter 9 år - 03|15:55|Herneshallen - Kortbane|Furnes,Elverum Yngres Cup - Jenter 9 år - 03|11:10|Herneshallen - Kortbane|Røros 3,Elverum Yngres Cup - Jenter 9 år - 02|12:26|Herneshallen - Kortbane|Elverum 2,Elverum Yngres Cup - Gutter 9 år|11:29|Ydalir skole idrettshall - Kortbane|Elverum,Elverum Yngres Cup - Gutter 9 år|13:42|Ydalir skole idrettshall - Kortbane|Vang HL,Elverum Yngres Cup - Jenter 9 år - 03|08:00|Søndre Elverum Idrettshall - Kortbane|Vaaler,Elverum Yngres Cup - Jenter 9 år - 02|08:57|Søndre Elverum Idrettshall - Kortbane|Storhamar gul"
Skjetten,J2008,J2008,17,YDALIR,1.072,Skjetten,"Elverum Yngres Cup - Jenter 16 år - 01|19:39|Elvishallen|Jardar/Asker,Elverum Yngres Cup - Jenter 16 år - 01|17:00|Elvishallen|Lervik,Elverum Yngres Cup J16 sluttspill|14:03|Terningen Arena|AFSK,Elverum Yngres Cup J16 sluttspill|17:30|Terningen Arena|Jardar/Asker,Elverum Yngres Cup - Jenter 16 år - 01|10:41|Søndre Elverum Idrettshall|AFSK"
Storhamar,"J2012,2 lag",J2012,22,ELVERUM UNGDOMSSKOLE,B301,Storhamar 2,"Elverum Yngres Cup - Jenter 12 år - 02|18:19|Elverumshallen|Gjøvik HK 2,Elverum Yngres Cup - Jenter 12 år - 03|19:16|Elverumshallen|Ottestad,Elverum Yngres Cup - Jenter 12 år - 03|14:43|Elvishallen|Heradsbygda,Elverum Yngres Cup - Jenter 12 år - 02|12:26|Terningen Arena|Hasle-Løren Rød,Elverum Yngres Cup - Jenter 12 år - 03|13:23|Terningen Arena|Hasle-Løren Blå,Elverum Yngres Cup - Jenter 12 år - 03|08:00|Ydalir skole idrettshall|Jotun 2,Elverum Yngres Cup - Jenter 12 år - 02|09:16|Ydalir skole idrettshall|Lensbygda,Elverum Yngres Cup - Jenter 12 år - 02|15:19|Søndre Elverum Idrettshall|Jotun"
Sverresborg,"G2012,2 lag",G2012,16,ELVIS,C126,Sverresborg 2,"Elverum Yngres Cup - Jenter 10 år - 02|08:38|Elverumshallen - Kortbane|Elverum 2,Elverum Yngres Cup - Gutter 10 år - 01|12:26|Elverumshallen - Kortbane|Hasle-Løren Rød,Elverum Yngres Cup - Gutter 10 år - 02|15:36|Elverumshallen - Kortbane|Røros,Elverum Yngres Cup J13 B-sluttspill|10:41|Elverumshallen|Jømna/Heradsbygd,Elverum Yngres Cup - Gutter 12 år - 01|11:27|Elverumshallen|Elverum,Elverum Yngres Cup - Gutter 12 år - 02|12:24|Elverumshallen|Elverum 2,Elverum Yngres Cup - Jenter 12 år - 04|14:37|Elverumshallen|Koppang,Elverum Yngres Cup - Jenter 13 år - 02|08:57|Elvishallen|Jømna/Heradsbygd,Elverum Yngres Cup - Jenter 13 år - 02|11:38|Elvishallen|Hasle-Løren,Elverum Yngres Cup - Jenter 13 år - 01|13:33|Elvishallen|Røros,Elverum Yngres Cup - Gutter 12 år - 01|15:28|Elvishallen|Gjøvik HK,Elverum Yngres Cup - Gutter 12 år - 01|18:09|Elvishallen|Heradsbygda,Elverum Yngres Cup - Jenter 11 år - 01|08:42|Elvishallen|Elverum 3,Elverum Yngres Cup - Jenter 11 år - 03|10:17|Elvishallen|HK Vestre Toten 2,Elverum Yngres Cup - Jenter 11 år - 03|12:30|Elvishallen|Tune Grønn,Elverum Yngres Cup - Gutter 12 år - 02|15:40|Elvishallen|Kolbu KK,Elverum Yngres Cup - Jenter 13 år - 01|20:18|Terningen Arena|Årdalstangen,Elverum Yngres Cup - Jenter 11 år - 01|08:57|Terningen Arena|Gjøvik HK 3,Elverum Yngres Cup - Jenter 11 år - 03|10:51|Terningen Arena|Elverum 2,Elverum Yngres Cup - Jenter 12 år - 04|14:58|Terningen Arena|Hasle-Løren Grønn,Elverum Yngres Cup J13 A-sluttspill|10:44|Terningen Arena|Årdalstangen,Elverum Yngres Cup J13 B-sluttspill|12:08|Terningen Arena|Hasle-Løren 2,Elverum Yngres Cup - Gutter 10 år - 01|09:16|Herneshallen - Kortbane|Furnes,Elverum Yngres Cup - Gutter 10 år - 02|10:32|Herneshallen - Kortbane|Elverum 3,Elverum Yngres Cup - Jenter 10 år - 02|12:45|Herneshallen - Kortbane|Hasle-Løren Grønn,Elverum Yngres Cup - Jenter 10 år - 03|13:42|Herneshallen - Kortbane|Hasle-Løren Rød,Elverum Yngres Cup - Jenter 12 år - 04|08:00|Herneshallen|Heradsbygda 2,Elverum Yngres Cup - Jenter 10 år - 02|09:54|Herneshallen - Kortbane|Flisa 2,Elverum Yngres Cup - Jenter 10 år - 03|10:32|Herneshallen - Kortbane|Lisleby Gul,Elverum Yngres Cup - Jenter 11 år - 01|14:20|Herneshallen|Røros,Elverum Yngres Cup - Jenter 10 år - 03|08:38|Ydalir skole idrettshall - Kortbane|Trysil IL,Elverum Yngres Cup - Gutter 12 år - 01|08:57|Ydalir skole idrettshall|Ottestad 2,Elverum Yngres Cup - Gutter 12 år - 02|09:35|Ydalir skole idrettshall|Ottestad,Elverum Yngres Cup - Jenter 12 år - 04|11:10|Ydalir skole idrettshall|Rena IL,Elverum Yngres Cup - Jenter 11 år - 01|13:04|Ydalir skole idrettshall|Ottestad,Elverum Yngres Cup - Gutter 10 år - 01|09:54|Ydalir skole idrettshall - Kortbane|Elverum,Elverum Yngres Cup - Gutter 10 år - 02|12:45|Ydalir skole idrettshall - Kortbane|Hasle-Løren Blå,Elverum Yngres Cup - Gutter 10 år - 02|15:36|Ydalir skole idrettshall - Kortbane|Rena IL,Elverum Yngres Cup - Jenter 13 år - 01|09:32|Søndre Elverum Idrettshall|Elverum,Elverum Yngres Cup - Gutter 12 år - 02|12:31|Søndre Elverum Idrettshall|Gjøvik HK 2,Elverum Yngres Cup - Jenter 13 år - 02|13:09|Søndre Elverum Idrettshall|Borgen,Elverum Yngres Cup - Jenter 13 år - 02|16:36|Søndre Elverum Idrettshall|Utleira 2,Elverum Yngres Cup - Jenter 10 år - 03|12:45|Søndre Elverum Idrettshall - Kortbane|HK Vestre Toten,Elverum Yngres Cup - Jenter 10 år - 02|13:04|Søndre Elverum Idrettshall - Kortbane|Lisleby Blå,Elverum Yngres Cup - Gutter 10 år - 01|14:20|Søndre Elverum Idrettshall - Kortbane|Trysil,Elverum Yngres Cup - Jenter 11 år - 03|15:38|Søndre Elverum Idrettshall|Jardar Blå"
Sverresborg,G2014,G2014,16,ELVIS,C119,Sverresborg,"Elverum Yngres Cup - Gutter 10 år - 01|12:26|Elverumshallen - Kortbane|Hasle-Løren Rød,Elverum Yngres Cup - Gutter 12 år - 02|12:24|Elverumshallen|Elverum 2,Elverum Yngres Cup - Jenter 12 år - 04|14:37|Elverumshallen|Koppang,Elverum Yngres Cup - Jenter 13 år - 02|08:57|Elvishallen|Jømna/Heradsbygd,Elverum Yngres Cup - Jenter 13 år - 02|11:38|Elvishallen|Hasle-Løren,Elverum Yngres Cup - Jenter 11 år - 03|10:17|Elvishallen|HK Vestre Toten 2,Elverum Yngres Cup - Jenter 11 år - 03|12:30|Elvishallen|Tune Grønn,Elverum Yngres Cup - Gutter 12 år - 02|15:40|Elvishallen|Kolbu KK,Elverum Yngres Cup - Jenter 11 år - 03|10:51|Terningen Arena|Elverum 2,Elverum Yngres Cup - Jenter 12 år - 04|14:58|Terningen Arena|Hasle-Løren Grønn,Elverum Yngres Cup J13 A-sluttspill|10:44|Terningen Arena|Årdalstangen,Elverum Yngres Cup - Gutter 10 år - 01|09:16|Herneshallen - Kortbane|Furnes,Elverum Yngres Cup - Jenter 10 år - 03|13:42|Herneshallen - Kortbane|Hasle-Løren Rød,Elverum Yngres Cup - Jenter 12 år - 04|08:00|Herneshallen|Heradsbygda 2,Elverum Yngres Cup - Jenter 10 år - 03|10:32|Herneshallen - Kortbane|Lisleby Gul,Elverum Yngres Cup - Jenter 10 år - 03|08:38|Ydalir skole idrettshall - Kortbane|Trysil IL,Elverum Yngres Cup - Gutter 12 år - 02|09:35|Ydalir skole idrettshall|Ottestad,Elverum Yngres Cup - Jenter 12 år - 04|11:10|Ydalir skole idrettshall|Rena IL,Elverum Yngres Cup - Gutter 10 år - 01|09:54|Ydalir skole idrettshall - Kortbane|Elverum,Elverum Yngres Cup - Gutter 12 år - 02|12:31|Søndre Elverum Idrettshall|Gjøvik HK 2,Elverum Yngres Cup - Jenter 13 år - 02|13:09|Søndre Elverum Idrettshall|Borgen,Elverum Yngres Cup - Jenter 13 år - 02|16:36|Søndre Elverum Idrettshall|Utleira 2,Elverum Yngres Cup - Jenter 10 år - 03|12:45|Søndre Elverum Idrettshall - Kortbane|HK Vestre Toten,Elverum Yngres Cup - Gutter 10 år - 01|14:20|Søndre Elverum Idrettshall - Kortbane|Trysil,Elverum Yngres Cup - Jenter 11 år - 03|15:38|Søndre Elverum Idrettshall|Jardar Blå"
Sverresborg,J2011,J2011,12,ELVIS,C120,Sverresborg,"Elverum Yngres Cup - Gutter 10 år - 01|12:26|Elverumshallen - Kortbane|Hasle-Løren Rød,Elverum Yngres Cup - Gutter 12 år - 02|12:24|Elverumshallen|Elverum 2,Elverum Yngres Cup - Jenter 12 år - 04|14:37|Elverumshallen|Koppang,Elverum Yngres Cup - Jenter 13 år - 02|08:57|Elvishallen|Jømna/Heradsbygd,Elverum Yngres Cup - Jenter 13 år - 02|11:38|Elvishallen|Hasle-Løren,Elverum Yngres Cup - Jenter 11 år - 03|10:17|Elvishallen|HK Vestre Toten 2,Elverum Yngres Cup - Jenter 11 år - 03|12:30|Elvishallen|Tune Grønn,Elverum Yngres Cup - Gutter 12 år - 02|15:40|Elvishallen|Kolbu KK,Elverum Yngres Cup - Jenter 11 år - 03|10:51|Terningen Arena|Elverum 2,Elverum Yngres Cup - Jenter 12 år - 04|14:58|Terningen Arena|Hasle-Løren Grønn,Elverum Yngres Cup J13 A-sluttspill|10:44|Terningen Arena|Årdalstangen,Elverum Yngres Cup - Gutter 10 år - 01|09:16|Herneshallen - Kortbane|Furnes,Elverum Yngres Cup - Jenter 10 år - 03|13:42|Herneshallen - Kortbane|Hasle-Løren Rød,Elverum Yngres Cup - Jenter 12 år - 04|08:00|Herneshallen|Heradsbygda 2,Elverum Yngres Cup - Jenter 10 år - 03|10:32|Herneshallen - Kortbane|Lisleby Gul,Elverum Yngres Cup - Jenter 10 år - 03|08:38|Ydalir skole idrettshall - Kortbane|Trysil IL,Elverum Yngres Cup - Gutter 12 år - 02|09:35|Ydalir skole idrettshall|Ottestad,Elverum Yngres Cup - Jenter 12 år - 04|11:10|Ydalir skole idrettshall|Rena IL,Elverum Yngres Cup - Gutter 10 år - 01|09:54|Ydalir skole idrettshall - Kortbane|Elverum,Elverum Yngres Cup - Gutter 12 år - 02|12:31|Søndre Elverum Idrettshall|Gjøvik HK 2,Elverum Yngres Cup - Jenter 13 år - 02|13:09|Søndre Elverum Idrettshall|Borgen,Elverum Yngres Cup - Jenter 13 år - 02|16:36|Søndre Elverum Idrettshall|Utleira 2,Elverum Yngres Cup - Jenter 10 år - 03|12:45|Søndre Elverum Idrettshall - Kortbane|HK Vestre Toten,Elverum Yngres Cup - Gutter 10 år - 01|14:20|Søndre Elverum Idrettshall - Kortbane|Trysil,Elverum Yngres Cup - Jenter 11 år - 03|15:38|Søndre Elverum Idrettshall|Jardar Blå"
Sverresborg,J2012,J2012,17,ELVIS,B138,Sverresborg,"Elverum Yngres Cup - Gutter 10 år - 01|12:26|Elverumshallen - Kortbane|Hasle-Løren Rød,Elverum Yngres Cup - Gutter 12 år - 02|12:24|Elverumshallen|Elverum 2,Elverum Yngres Cup - Jenter 12 år - 04|14:37|Elverumshallen|Koppang,Elverum Yngres Cup - Jenter 13 år - 02|08:57|Elvishallen|Jømna/Heradsbygd,Elverum Yngres Cup - Jenter 13 år - 02|11:38|Elvishallen|Hasle-Løren,Elverum Yngres Cup - Jenter 11 år - 03|10:17|Elvishallen|HK Vestre Toten 2,Elverum Yngres Cup - Jenter 11 år - 03|12:30|Elvishallen|Tune Grønn,Elverum Yngres Cup - Gutter 12 år - 02|15:40|Elvishallen|Kolbu KK,Elverum Yngres Cup - Jenter 11 år - 03|10:51|Terningen Arena|Elverum 2,Elverum Yngres Cup - Jenter 12 år - 04|14:58|Terningen Arena|Hasle-Løren Grønn,Elverum Yngres Cup J13 A-sluttspill|10:44|Terningen Arena|Årdalstangen,Elverum Yngres Cup - Gutter 10 år - 01|09:16|Herneshallen - Kortbane|Furnes,Elverum Yngres Cup - Jenter 10 år - 03|13:42|Herneshallen - Kortbane|Hasle-Løren Rød,Elverum Yngres Cup - Jenter 12 år - 04|08:00|Herneshallen|Heradsbygda 2,Elverum Yngres Cup - Jenter 10 år - 03|10:32|Herneshallen - Kortbane|Lisleby Gul,Elverum Yngres Cup - Jenter 10 år - 03|08:38|Ydalir skole idrettshall - Kortbane|Trysil IL,Elverum Yngres Cup - Gutter 12 år - 02|09:35|Ydalir skole idrettshall|Ottestad,Elverum Yngres Cup - Jenter 12 år - 04|11:10|Ydalir skole idrettshall|Rena IL,Elverum Yngres Cup - Gutter 10 år - 01|09:54|Ydalir skole idrettshall - Kortbane|Elverum,Elverum Yngres Cup - Gutter 12 år - 02|12:31|Søndre Elverum Idrettshall|Gjøvik HK 2,Elverum Yngres Cup - Jenter 13 år - 02|13:09|Søndre Elverum Idrettshall|Borgen,Elverum Yngres Cup - Jenter 13 år - 02|16:36|Søndre Elverum Idrettshall|Utleira 2,Elverum Yngres Cup - Jenter 10 år - 03|12:45|Søndre Elverum Idrettshall - Kortbane|HK Vestre Toten,Elverum Yngres Cup - Gutter 10 år - 01|14:20|Søndre Elverum Idrettshall - Kortbane|Trysil,Elverum Yngres Cup - Jenter 11 år - 03|15:38|Søndre Elverum Idrettshall|Jardar Blå"
Sverresborg,"J2013,2 lag",J2013,16,ELVIS,C127,Sverresborg 2,"Elverum Yngres Cup - Jenter 10 år - 02|08:38|Elverumshallen - Kortbane|Elverum 2,Elverum Yngres Cup - Gutter 10 år - 01|12:26|Elverumshallen - Kortbane|Hasle-Løren Rød,Elverum Yngres Cup - Gutter 10 år - 02|15:36|Elverumshallen - Kortbane|Røros,Elverum Yngres Cup J13 B-sluttspill|10:41|Elverumshallen|Jømna/Heradsbygd,Elverum Yngres Cup - Gutter 12 år - 01|11:27|Elverumshallen|Elverum,Elverum Yngres Cup - Gutter 12 år - 02|12:24|Elverumshallen|Elverum 2,Elverum Yngres Cup - Jenter 12 år - 04|14:37|Elverumshallen|Koppang,Elverum Yngres Cup - Jenter 13 år - 02|08:57|Elvishallen|Jømna/Heradsbygd,Elverum Yngres Cup - Jenter 13 år - 02|11:38|Elvishallen|Hasle-Løren,Elverum Yngres Cup - Jenter 13 år - 01|13:33|Elvishallen|Røros,Elverum Yngres Cup - Gutter 12 år - 01|15:28|Elvishallen|Gjøvik HK,Elverum Yngres Cup - Gutter 12 år - 01|18:09|Elvishallen|Heradsbygda,Elverum Yngres Cup - Jenter 11 år - 01|08:42|Elvishallen|Elverum 3,Elverum Yngres Cup - Jenter 11 år - 03|10:17|Elvishallen|HK Vestre Toten 2,Elverum Yngres Cup - Jenter 11 år - 03|12:30|Elvishallen|Tune Grønn,Elverum Yngres Cup - Gutter 12 år - 02|15:40|Elvishallen|Kolbu KK,Elverum Yngres Cup - Jenter 13 år - 01|20:18|Terningen Arena|Årdalstangen,Elverum Yngres Cup - Jenter 11 år - 01|08:57|Terningen Arena|Gjøvik HK 3,Elverum Yngres Cup - Jenter 11 år - 03|10:51|Terningen Arena|Elverum 2,Elverum Yngres Cup - Jenter 12 år - 04|14:58|Terningen Arena|Hasle-Løren Grønn,Elverum Yngres Cup J13 A-sluttspill|10:44|Terningen Arena|Årdalstangen,Elverum Yngres Cup J13 B-sluttspill|12:08|Terningen Arena|Hasle-Løren 2,Elverum Yngres Cup - Gutter 10 år - 01|09:16|Herneshallen - Kortbane|Furnes,Elverum Yngres Cup - Gutter 10 år - 02|10:32|Herneshallen - Kortbane|Elverum 3,Elverum Yngres Cup - Jenter 10 år - 02|12:45|Herneshallen - Kortbane|Hasle-Løren Grønn,Elverum Yngres Cup - Jenter 10 år - 03|13:42|Herneshallen - Kortbane|Hasle-Løren Rød,Elverum Yngres Cup - Jenter 12 år - 04|08:00|Herneshallen|Heradsbygda 2,Elverum Yngres Cup - Jenter 10 år - 02|09:54|Herneshallen - Kortbane|Flisa 2,Elverum Yngres Cup - Jenter 10 år - 03|10:32|Herneshallen - Kortbane|Lisleby Gul,Elverum Yngres Cup - Jenter 11 år - 01|14:20|Herneshallen|Røros,Elverum Yngres Cup - Jenter 10 år - 03|08:38|Ydalir skole idrettshall - Kortbane|Trysil IL,Elverum Yngres Cup - Gutter 12 år - 01|08:57|Ydalir skole idrettshall|Ottestad 2,Elverum Yngres Cup - Gutter 12 år - 02|09:35|Ydalir skole idrettshall|Ottestad,Elverum Yngres Cup - Jenter 12 år - 04|11:10|Ydalir skole idrettshall|Rena IL,Elverum Yngres Cup - Jenter 11 år - 01|13:04|Ydalir skole idrettshall|Ottestad,Elverum Yngres Cup - Gutter 10 år - 01|09:54|Ydalir skole idrettshall - Kortbane|Elverum,Elverum Yngres Cup - Gutter 10 år - 02|12:45|Ydalir skole idrettshall - Kortbane|Hasle-Løren Blå,Elverum Yngres Cup - Gutter 10 år - 02|15:36|Ydalir skole idrettshall - Kortbane|Rena IL,Elverum Yngres Cup - Jenter 13 år - 01|09:32|Søndre Elverum Idrettshall|Elverum,Elverum Yngres Cup - Gutter 12 år - 02|12:31|Søndre Elverum Idrettshall|Gjøvik HK 2,Elverum Yngres Cup - Jenter 13 år - 02|13:09|Søndre Elverum Idrettshall|Borgen,Elverum Yngres Cup - Jenter 13 år - 02|16:36|Søndre Elverum Idrettshall|Utleira 2,Elverum Yngres Cup - Jenter 10 år - 03|12:45|Søndre Elverum Idrettshall - Kortbane|HK Vestre Toten,Elverum Yngres Cup - Jenter 10 år - 02|13:04|Søndre Elverum Idrettshall - Kortbane|Lisleby Blå,Elverum Yngres Cup - Gutter 10 år - 01|14:20|Søndre Elverum Idrettshall - Kortbane|Trysil,Elverum Yngres Cup - Jenter 11 år - 03|15:38|Søndre Elverum Idrettshall|Jardar Blå"
Sverresborg,"J2014,2 lag",J2014,23,ELVIS,"C111,C210",Sverresborg 2,"Elverum Yngres Cup - Jenter 10 år - 02|08:38|Elverumshallen - Kortbane|Elverum 2,Elverum Yngres Cup - Gutter 10 år - 01|12:26|Elverumshallen - Kortbane|Hasle-Løren Rød,Elverum Yngres Cup - Gutter 10 år - 02|15:36|Elverumshallen - Kortbane|Røros,Elverum Yngres Cup J13 B-sluttspill|10:41|Elverumshallen|Jømna/Heradsbygd,Elverum Yngres Cup - Gutter 12 år - 01|11:27|Elverumshallen|Elverum,Elverum Yngres Cup - Gutter 12 år - 02|12:24|Elverumshallen|Elverum 2,Elverum Yngres Cup - Jenter 12 år - 04|14:37|Elverumshallen|Koppang,Elverum Yngres Cup - Jenter 13 år - 02|08:57|Elvishallen|Jømna/Heradsbygd,Elverum Yngres Cup - Jenter 13 år - 02|11:38|Elvishallen|Hasle-Løren,Elverum Yngres Cup - Jenter 13 år - 01|13:33|Elvishallen|Røros,Elverum Yngres Cup - Gutter 12 år - 01|15:28|Elvishallen|Gjøvik HK,Elverum Yngres Cup - Gutter 12 år - 01|18:09|Elvishallen|Heradsbygda,Elverum Yngres Cup - Jenter 11 år - 01|08:42|Elvishallen|Elverum 3,Elverum Yngres Cup - Jenter 11 år - 03|10:17|Elvishallen|HK Vestre Toten 2,Elverum Yngres Cup - Jenter 11 år - 03|12:30|Elvishallen|Tune Grønn,Elverum Yngres Cup - Gutter 12 år - 02|15:40|Elvishallen|Kolbu KK,Elverum Yngres Cup - Jenter 13 år - 01|20:18|Terningen Arena|Årdalstangen,Elverum Yngres Cup - Jenter 11 år - 01|08:57|Terningen Arena|Gjøvik HK 3,Elverum Yngres Cup - Jenter 11 år - 03|10:51|Terningen Arena|Elverum 2,Elverum Yngres Cup - Jenter 12 år - 04|14:58|Terningen Arena|Hasle-Løren Grønn,Elverum Yngres Cup J13 A-sluttspill|10:44|Terningen Arena|Årdalstangen,Elverum Yngres Cup J13 B-sluttspill|12:08|Terningen Arena|Hasle-Løren 2,Elverum Yngres Cup - Gutter 10 år - 01|09:16|Herneshallen - Kortbane|Furnes,Elverum Yngres Cup - Gutter 10 år - 02|10:32|Herneshallen - Kortbane|Elverum 3,Elverum Yngres Cup - Jenter 10 år - 02|12:45|Herneshallen - Kortbane|Hasle-Løren Grønn,Elverum Yngres Cup - Jenter 10 år - 03|13:42|Herneshallen - Kortbane|Hasle-Løren Rød,Elverum Yngres Cup - Jenter 12 år - 04|08:00|Herneshallen|Heradsbygda 2,Elverum Yngres Cup - Jenter 10 år - 02|09:54|Herneshallen - Kortbane|Flisa 2,Elverum Yngres Cup - Jenter 10 år - 03|10:32|Herneshallen - Kortbane|Lisleby Gul,Elverum Yngres Cup - Jenter 11 år - 01|14:20|Herneshallen|Røros,Elverum Yngres Cup - Jenter 10 år - 03|08:38|Ydalir skole idrettshall - Kortbane|Trysil IL,Elverum Yngres Cup - Gutter 12 år - 01|08:57|Ydalir skole idrettshall|Ottestad 2,Elverum Yngres Cup - Gutter 12 år - 02|09:35|Ydalir skole idrettshall|Ottestad,Elverum Yngres Cup - Jenter 12 år - 04|11:10|Ydalir skole idrettshall|Rena IL,Elverum Yngres Cup - Jenter 11 år - 01|13:04|Ydalir skole idrettshall|Ottestad,Elverum Yngres Cup - Gutter 10 år - 01|09:54|Ydalir skole idrettshall - Kortbane|Elverum,Elverum Yngres Cup - Gutter 10 år - 02|12:45|Ydalir skole idrettshall - Kortbane|Hasle-Løren Blå,Elverum Yngres Cup - Gutter 10 år - 02|15:36|Ydalir skole idrettshall - Kortbane|Rena IL,Elverum Yngres Cup - Jenter 13 år - 01|09:32|Søndre Elverum Idrettshall|Elverum,Elverum Yngres Cup - Gutter 12 år - 02|12:31|Søndre Elverum Idrettshall|Gjøvik HK 2,Elverum Yngres Cup - Jenter 13 år - 02|13:09|Søndre Elverum Idrettshall|Borgen,Elverum Yngres Cup - Jenter 13 år - 02|16:36|Søndre Elverum Idrettshall|Utleira 2,Elverum Yngres Cup - Jenter 10 år - 03|12:45|Søndre Elverum Idrettshall - Kortbane|HK Vestre Toten,Elverum Yngres Cup - Jenter 10 år - 02|13:04|Søndre Elverum Idrettshall - Kortbane|Lisleby Blå,Elverum Yngres Cup - Gutter 10 år - 01|14:20|Søndre Elverum Idrettshall - Kortbane|Trysil,Elverum Yngres Cup - Jenter 11 år - 03|15:38|Søndre Elverum Idrettshall|Jardar Blå"
Trysil,G2014,G2014,9,YDALIR,2.051,Trysil,"Elverum Yngres Cup - Jenter 12 år - 03|19:35|Elverumshallen|Elverum 2,Elverum Yngres Cup - Jenter 13 år - 03|20:32|Elverumshallen|Ring IL,Elverum Yngres Cup - Gutter 10 år - 01|15:17|Elverumshallen - Kortbane|Røros 2,Elverum Yngres Cup - Jenter 13 år - 03|09:43|Elvishallen|Hasle-Løren 2,Elverum Yngres Cup - Jenter 13 år - 03|12:24|Elvishallen|Bøler,Elverum Yngres Cup - Jenter 12 år - 03|14:24|Elvishallen|Jotun 2,Elverum Yngres Cup - Jenter 12 år - 03|14:01|Terningen Arena|Heradsbygda,Elverum Yngres Cup J13 A-sluttspill|09:58|Terningen Arena|Borgen,Elverum Yngres Cup - Gutter 10 år - 01|09:54|Herneshallen - Kortbane|Elverum 2,Elverum Yngres Cup - Jenter 12 år - 03|08:19|Ydalir skole idrettshall|Hasle-Løren Blå,Elverum Yngres Cup - Gutter 10 år - 01|10:51|Ydalir skole idrettshall - Kortbane|Vaaler,Elverum Yngres Cup - Jenter 13 år - 03|14:41|Søndre Elverum Idrettshall|Utleira,Elverum Yngres Cup - Gutter 10 år - 01|14:20|Søndre Elverum Idrettshall - Kortbane|Sverresborg"
Trysil,J2011,J2011,10,YDALIR,2.049,Trysil,"Elverum Yngres Cup - Jenter 12 år - 03|19:35|Elverumshallen|Elverum 2,Elverum Yngres Cup - Jenter 13 år - 03|20:32|Elverumshallen|Ring IL,Elverum Yngres Cup - Gutter 10 år - 01|15:17|Elverumshallen - Kortbane|Røros 2,Elverum Yngres Cup - Jenter 13 år - 03|09:43|Elvishallen|Hasle-Løren 2,Elverum Yngres Cup - Jenter 13 år - 03|12:24|Elvishallen|Bøler,Elverum Yngres Cup - Jenter 12 år - 03|14:24|Elvishallen|Jotun 2,Elverum Yngres Cup - Jenter 12 år - 03|14:01|Terningen Arena|Heradsbygda,Elverum Yngres Cup J13 A-sluttspill|09:58|Terningen Arena|Borgen,Elverum Yngres Cup - Gutter 10 år - 01|09:54|Herneshallen - Kortbane|Elverum 2,Elverum Yngres Cup - Jenter 12 år - 03|08:19|Ydalir skole idrettshall|Hasle-Løren Blå,Elverum Yngres Cup - Gutter 10 år - 01|10:51|Ydalir skole idrettshall - Kortbane|Vaaler,Elverum Yngres Cup - Jenter 13 år - 03|14:41|Søndre Elverum Idrettshall|Utleira,Elverum Yngres Cup - Gutter 10 år - 01|14:20|Søndre Elverum Idrettshall - Kortbane|Sverresborg"
Trysil,J2014,J2014,12,YDALIR,2.076,Trysil IL,"Elverum Yngres Cup - Jenter 10 år - 03|13:04|Herneshallen - Kortbane|Lisleby Gul,Elverum Yngres Cup - Jenter 10 år - 03|10:13|Herneshallen - Kortbane|Elverum 3,Elverum Yngres Cup - Jenter 10 år - 03|08:38|Ydalir skole idrettshall - Kortbane|Sverresborg,Elverum Yngres Cup - Jenter 10 år - 03|12:07|Søndre Elverum Idrettshall - Kortbane|Hasle-Løren Rød"
Tune IL,"J2013,2 lag",J2013,19,ELVERUM UNGDOMSSKOLE,A012,Tune Rød,"Elverum Yngres Cup - Jenter 11 år - 02|09:39|Elvishallen|Gjøvik HK,Elverum Yngres Cup - Jenter 11 år - 03|12:30|Elvishallen|Sverresborg,Elverum Yngres Cup - Jenter 11 år - 02|09:54|Terningen Arena|Hasle-Løren Blå,Elverum Yngres Cup - Jenter 11 år - 03|11:10|Terningen Arena|Gjøvik HK 2,Elverum Yngres Cup - Jenter 11 år - 02|15:17|Herneshallen|Røros 2,Elverum Yngres Cup - Jenter 11 år - 03|15:55|Herneshallen|HK Vestre Toten 2,Elverum Yngres Cup - Jenter 11 år - 02|14:01|Ydalir skole idrettshall|Jømna/Heradsbygd,Elverum Yngres Cup - Jenter 11 år - 03|14:58|Ydalir skole idrettshall|Jardar Blå"
Tydal,"J2013,2 lag",J2013,17,FRYDENLUND,D124,Tydal 2,"Elverum Yngres Cup - Jenter 11 år - 01|09:01|Elvishallen|Ottestad,Elverum Yngres Cup - Jenter 11 år - 02|09:58|Elvishallen|Jømna/Heradsbygd,Elverum Yngres Cup - Jenter 11 år - 01|09:16|Terningen Arena|Elverum 3,Elverum Yngres Cup - Jenter 11 år - 02|10:13|Terningen Arena|Gjøvik HK,Elverum Yngres Cup - Jenter 11 år - 01|14:39|Herneshallen|Bjørkelangen/Høland,Elverum Yngres Cup - Jenter 11 år - 02|15:36|Herneshallen|Elverum,Elverum Yngres Cup - Jenter 11 år - 01|12:45|Ydalir skole idrettshall|Gjøvik HK 3,Elverum Yngres Cup - Jenter 11 år - 02|13:42|Ydalir skole idrettshall|Hasle-Løren Blå"
Utleira,J2010,J2010,12,ELVIS,E163,Utleira,"Elverum Yngres Cup J14 Sluttspill|09:55|Elverumshallen|Varde,Elverum Yngres Cup - Jenter 13 år - 03|10:06|Elvishallen|Bøler,Elverum Yngres Cup - Jenter 14 år - 02|10:52|Elvishallen|Ring IL,Elverum Yngres Cup - Jenter 14 år - 02|18:46|Terningen Arena|Varde 2,Elverum Yngres Cup - Jenter 13 år - 03|19:32|Terningen Arena|Hasle-Løren 2,Elverum Yngres Cup - Gutter 11 år|08:38|Terningen Arena|Elverum 2,Elverum Yngres Cup - Gutter 11 år|08:57|Terningen Arena|Drøbak/Frogn Blå,Elverum Yngres Cup J13 A-sluttspill|09:35|Terningen Arena|Elverum,Elverum Yngres Cup - Gutter 11 år|11:07|Terningen Arena|Hasle-Løren Blå,Elverum Yngres Cup - Gutter 11 år|11:48|Ydalir skole idrettshall|Elverum,Elverum Yngres Cup - Jenter 13 år - 03|14:41|Søndre Elverum Idrettshall|Trysil,Elverum Yngres Cup - Jenter 14 år - 02|15:27|Søndre Elverum Idrettshall|Kongsvinger,Elverum Yngres Cup - Jenter 13 år - 03|16:59|Søndre Elverum Idrettshall|Ring IL"
Utleira,"J2011,2 lag",J2011,21,ELVIS,E162,Utleira 2,"Elverum Yngres Cup J13 B-sluttspill|08:46|Elverumshallen|Ring IL,Elverum Yngres Cup J14 Sluttspill|09:55|Elverumshallen|Varde,Elverum Yngres Cup - Jenter 13 år - 02|20:25|Elvishallen|Jømna/Heradsbygd,Elverum Yngres Cup - Jenter 13 år - 02|09:20|Elvishallen|Hasle-Løren,Elverum Yngres Cup - Jenter 13 år - 03|10:06|Elvishallen|Bøler,Elverum Yngres Cup - Jenter 14 år - 02|10:52|Elvishallen|Ring IL,Elverum Yngres Cup - Jenter 13 år - 02|12:01|Elvishallen|Borgen,Elverum Yngres Cup - Jenter 14 år - 02|18:46|Terningen Arena|Varde 2,Elverum Yngres Cup - Jenter 13 år - 03|19:32|Terningen Arena|Hasle-Løren 2,Elverum Yngres Cup - Gutter 11 år|08:38|Terningen Arena|Elverum 2,Elverum Yngres Cup - Gutter 11 år|08:57|Terningen Arena|Drøbak/Frogn Blå,Elverum Yngres Cup J13 A-sluttspill|09:35|Terningen Arena|Elverum,Elverum Yngres Cup - Gutter 11 år|11:07|Terningen Arena|Hasle-Løren Blå,Elverum Yngres Cup J13 B-sluttspill|11:45|Terningen Arena|Røros,Elverum Yngres Cup J13 B-sluttspill|15:00|Terningen Arena|Hasle-Løren 2,Elverum Yngres Cup - Gutter 11 år|11:48|Ydalir skole idrettshall|Elverum,Elverum Yngres Cup - Jenter 13 år - 03|14:41|Søndre Elverum Idrettshall|Trysil,Elverum Yngres Cup - Jenter 14 år - 02|15:27|Søndre Elverum Idrettshall|Kongsvinger,Elverum Yngres Cup - Jenter 13 år - 02|16:36|Søndre Elverum Idrettshall|Sverresborg,Elverum Yngres Cup - Jenter 13 år - 03|16:59|Søndre Elverum Idrettshall|Ring IL"
Varde IL,"J2012,2 lag",J2012,16,ELVERUM UNGDOMSSKOLE,"A011,grupperom i A",Varde 2,"Elverum Yngres Cup - Jenter 12 år - 01|18:57|Elverumshallen|Gjøvik HK,Elverum Yngres Cup J14 Sluttspill|09:55|Elverumshallen|Utleira,Elverum Yngres Cup - Jenter 12 år - 01|14:56|Elverumshallen|Hasle-Løren Gul,Elverum Yngres Cup - Jenter 12 år - 02|15:34|Elverumshallen|Hasle-Løren Rød,Elverum Yngres Cup - Jenter 12 år - 01|08:00|Elvishallen|Bøler Blå,Elverum Yngres Cup - Jenter 14 år - 01|10:29|Elvishallen|Elverum,Elverum Yngres Cup - Jenter 14 år - 02|13:10|Elvishallen|Kongsvinger,Elverum Yngres Cup - Jenter 14 år - 01|18:00|Terningen Arena|Elverum,Elverum Yngres Cup - Jenter 14 år - 02|18:46|Terningen Arena|Utleira,Elverum Yngres Cup - Jenter 12 år - 01|11:48|Terningen Arena|Heradsbygda 3,Elverum Yngres Cup - Jenter 12 år - 02|12:45|Terningen Arena|Gjøvik HK 2,Elverum Yngres Cup J14 Sluttspill|13:17|Terningen Arena|Nordstrand,Elverum Yngres Cup J14 Sluttspill|13:40|Terningen Arena|Elverum,Elverum Yngres Cup - Jenter 12 år - 02|09:35|Ydalir skole idrettshall|Elverum,Elverum Yngres Cup - Jenter 12 år - 02|08:00|Søndre Elverum Idrettshall|Jotun,Elverum Yngres Cup - Jenter 14 år - 01|09:09|Søndre Elverum Idrettshall|Nordstrand,Elverum Yngres Cup - Jenter 14 år - 01|14:18|Søndre Elverum Idrettshall|Nordstrand,Elverum Yngres Cup - Jenter 14 år - 02|15:04|Søndre Elverum Idrettshall|Ring IL"
Årdalstangen,J2011,J2011,20,ELVIS,B120,Årdalstangen,"Elverum Yngres Cup - Jenter 13 år - 01|13:56|Elvishallen|Elverum,Elverum Yngres Cup - Jenter 13 år - 01|20:18|Terningen Arena|Sverresborg 2,Elverum Yngres Cup J13 A-sluttspill|10:44|Terningen Arena|Sverresborg,Elverum Yngres Cup J13 A-sluttspill|12:54|Terningen Arena|Bøler,Elverum Yngres Cup - Jenter 13 år - 01|10:18|Søndre Elverum Idrettshall|Røros"
